ACCESS TIME ANALYZER.EXE-97937C09.pf,7/19/2022 1:10:04 PM,7/20/2022 10:41:30 AM,"23,592",ACCESS TIME ANALYZER.EXE,C:\Temp\APP ACCESS TIME ANALYZER\0.1\ACCESS TIME ANALYZER.EXE,2,"7/20/2022 10:41:20 AM, 7/19/2022 1:09:54 PM",No
ACROBAT.EXE-1771D4E1.pf,6/16/2022 3:18:43 PM,7/19/2022 1:27:51 PM,"71,483",ACROBAT.EXE,C:\PROGRAM FILES (X86)\Adobe\ACROBAT DC\Acrobat\Acrobat.exe,9,"7/19/2022 1:27:51 PM, 7/19/2022 1:27:35 PM, 7/19/2022 1:27:35 PM, 7/19/2022 11:03:08 AM, 7/19/2022 11:03:07 AM, 7/11/2022 1:52:04 PM, 6/28/2022 1:32:25 PM, 6/16/2022 3:19:11 PM",No
ADMINUI.EXTENSIONINSTALLER.EX-DF5DC3AF.pf,7/18/2022 8:03:04 AM,7/18/2022 8:06:21 AM,"53,273",ADMINUI.EXTENSIONINSTALLER.EXE,C:\PROGRAM FILES (X86)\CONFIGMGR CONSOLE\bin\ADMINUI.EXTENSIONINSTALLER.EXE,3,"7/18/2022 8:06:11 AM, 7/18/2022 8:05:57 AM, 7/18/2022 8:02:54 AM",No
ADMPWD.UI.EXE-7785BBB5.pf,7/14/2022 8:39:39 AM,7/14/2022 8:39:39 AM,"18,026",ADMPWD.UI.EXE,C:\PROGRAM FILES\LAPS\ADMPWD.UI.EXE,1,7/14/2022 8:39:29 AM,No
APPLICATIONFRAMEHOST.EXE-4CE44C83.pf,7/18/2022 9:20:31 AM,7/22/2022 8:02:41 AM,"16,798",APPLICATIONFRAMEHOST.EXE,C:\Windows\System32\APPLICATIONFRAMEHOST.EXE,5,"7/22/2022 8:02:31 AM, 7/21/2022 10:37:03 AM, 7/21/2022 8:07:02 AM, 7/20/2022 9:25:56 AM, 7/18/2022 9:20:21 AM",No
AUTHMANSVR.EXE-01DB6BF4.pf,6/23/2022 7:36:34 AM,7/22/2022 8:06:41 AM,"14,762",AUTHMANSVR.EXE,C:\PROGRAM FILES (X86)\Citrix\ICA CLIENT\AUTHMANAGER\AUTHMANSVR.EXE,48,"7/22/2022 8:06:31 AM, 7/22/2022 8:06:30 AM, 7/21/2022 10:39:47 AM, 7/21/2022 10:39:47 AM, 7/20/2022 9:17:49 AM, 7/20/2022 9:17:49 AM, 7/18/2022 9:02:36 AM, 7/18/2022 9:02:35 AM",No
BACKGROUNDDOWNLOAD.EXE-70DEA199.pf,7/22/2022 10:23:56 AM,7/22/2022 10:29:14 AM,"36,357",BACKGROUNDDOWNLOAD.EXE,C:\PROGRAM FILES (X86)\MICROSOFT VISUAL STUDIO\INSTALLER\RESOURCES\app\SERVICEHUB\Services\MICROSOFT.VISUALSTUDIO.SETUP.SERVICE\BACKGROUNDDOWNLOAD.EXE,2,"7/22/2022 10:29:11 AM, 7/22/2022 10:23:50 AM",No
BACKGROUNDTASKHOST.EXE-62B44B82.pf,7/22/2022 8:44:39 AM,7/22/2022 10:30:15 AM,"20,961",BACKGROUNDTASKHOST.EXE,C:\Windows\System32\BACKGROUNDTASKHOST.EXE,21,"7/22/2022 10:30:14 AM, 7/22/2022 10:26:25 AM, 7/22/2022 10:22:55 AM, 7/22/2022 10:20:04 AM, 7/22/2022 10:14:42 AM, 7/22/2022 10:09:09 AM, 7/22/2022 10:01:32 AM, 7/22/2022 9:42:33 AM",No
BRIDGECOMMUNICATION.EXE-AA45396D.pf,7/22/2022 8:40:38 AM,7/22/2022 9:00:49 AM,"17,193",BRIDGECOMMUNICATION.EXE,C:\Windows\System32\DRIVERSTORE\FILEREPOSITORY\HPCUSTOMCAPCOMP.INF_AMD64_02EA01A452126FAA\x64\BRIDGECOMMUNICATION.EXE,6,"7/22/2022 9:00:39 AM, 7/22/2022 9:00:38 AM, 7/22/2022 8:50:38 AM, 7/22/2022 8:50:38 AM, 7/22/2022 8:40:38 AM, 7/22/2022 8:40:37 AM",No
CALCULATOR.EXE-DD323BEE.pf,7/19/2022 11:11:34 AM,7/19/2022 11:11:34 AM,"33,501",CALCULATOR.EXE,C:\PROGRAM FILES\WINDOWSAPPS\MICROSOFT.WINDOWSCALCULATOR_10.2103.8.0_X64__8WEKYB3D8BBWE\CALCULATOR.EXE,1,7/19/2022 11:11:24 AM,No
CEFSHARP.BROWSERSUBPROCESS.EX-5B48A3B9.pf,7/22/2022 8:44:48 AM,7/22/2022 8:44:48 AM,"24,084",CEFSHARP.BROWSERSUBPROCESS.EXE,C:\PROGRAM FILES (X86)\Mitel\MiCollab\CEFSHARP.BROWSERSUBPROCESS.EXE,1,7/22/2022 8:44:38 AM,No
CHROME.EXE-039F1FC9.pf,6/15/2022 8:22:44 AM,7/22/2022 8:01:03 AM,"57,606",CHROME.EXE,C:\PROGRAM FILES\Google\Chrome\APPLICATION\chrome.exe,76,"7/22/2022 8:00:54 AM, 7/21/2022 4:28:11 PM, 7/21/2022 4:22:45 PM, 7/21/2022 2:23:30 PM, 7/21/2022 1:54:09 PM, 7/21/2022 1:51:23 PM, 7/21/2022 10:24:37 AM, 7/21/2022 9:50:26 AM",No
CHROME.EXE-039F1FCA.pf,7/22/2022 8:46:13 AM,7/22/2022 10:23:41 AM,"23,608",CHROME.EXE,C:\PROGRAM FILES\Google\Chrome\APPLICATION\chrome.exe,15,"7/22/2022 10:23:35 AM, 7/22/2022 10:23:32 AM, 7/22/2022 9:33:35 AM, 7/22/2022 9:00:06 AM, 7/22/2022 8:53:41 AM, 7/22/2022 8:47:07 AM, 7/22/2022 8:47:05 AM, 7/22/2022 8:46:53 AM",No
CHROME.EXE-039F1FD1.pf,7/22/2022 8:46:22 AM,7/22/2022 10:30:59 AM,"21,905",CHROME.EXE,C:\PROGRAM FILES\Google\Chrome\APPLICATION\chrome.exe,9,"7/22/2022 10:30:59 AM, 7/22/2022 10:23:34 AM, 7/22/2022 10:00:58 AM, 7/22/2022 9:30:58 AM, 7/22/2022 9:00:57 AM, 7/22/2022 8:55:22 AM, 7/22/2022 8:46:27 AM, 7/22/2022 8:46:27 AM",No
CHXSMARTSCREEN.EXE-9DF92DA5.pf,7/7/2022 10:35:39 AM,7/7/2022 10:35:39 AM,"33,360",CHXSMARTSCREEN.EXE,C:\Windows\SYSTEMAPPS\MICROSOFT.WINDOWS.APPREP.CHXAPP_CW5N1H2TXYEWY\CHXSMARTSCREEN.EXE,1,7/7/2022 10:35:31 AM,No
CITRIXFILES.EXE-A23CA947.pf,6/15/2022 4:09:20 PM,6/21/2022 7:59:39 AM,"100,724",CITRIXFILES.EXE,C:\PROGRAM FILES\CITRIX\CITRIX FILES\CITRIXFILES.EXE,5,"6/21/2022 7:59:28 AM, 6/17/2022 8:03:15 AM, 6/16/2022 9:18:10 AM, 6/16/2022 9:18:02 AM, 6/15/2022 4:09:10 PM",Yes
CITRIXFILESFORWINDOWS-V22.5.2-2433C494.pf,6/15/2022 4:08:44 PM,6/15/2022 4:08:44 PM,"12,013",CITRIXFILESFORWINDOWS-V22.5.24.0(1).EXE,C:\USERS\NPMOYER\APPDATA\LOCAL\TEMP\{9521CBA2-9504-42FA-AB86-0D23349E4667}\.CR\CITRIXFILESFORWINDOWS-V22.5.24.0(1).EXE,1,6/15/2022 4:08:34 PM,Yes
CITRIXFILESFORWINDOWS.EXE-AC892991.pf,6/15/2022 4:08:57 PM,6/15/2022 4:08:57 PM,"10,921",CITRIXFILESFORWINDOWS.EXE,C:\USERS\NPMOYER\APPDATA\LOCAL\TEMP\{0879A164-7008-466E-B03A-B904EC33F208}\.BE\CITRIXFILESFORWINDOWS.EXE,1,6/15/2022 4:08:47 PM,Yes
CITRIXFILESFORWINDOWS.EXE-AD0E7F8D.pf,6/21/2022 8:08:23 AM,6/21/2022 8:08:30 AM,"15,096",CITRIXFILESFORWINDOWS.EXE,C:\PROGRAMDATA\PACKAGE CACHE\{AC4FE1F3-F6C7-46C5-99B6-9FA2916B45F8}\CITRIXFILESFORWINDOWS.EXE,3,"6/21/2022 8:08:20 AM, 6/21/2022 8:08:14 AM, 6/21/2022 8:08:13 AM",Yes
CMD.EXE-2EB3E6E2.pf,7/22/2022 10:29:31 AM,7/22/2022 10:33:16 AM,"4,859",CMD.EXE,C:\Windows\SysWOW64\cmd.exe,5,"7/22/2022 10:33:14 AM, 7/22/2022 10:32:57 AM, 7/22/2022 10:32:18 AM, 7/22/2022 10:30:10 AM, 7/22/2022 10:29:29 AM",No
CMD.EXE-CD245F9E.pf,7/22/2022 9:36:20 AM,7/22/2022 9:36:20 AM,"4,364",CMD.EXE,C:\Windows\System32\cmd.exe,1,7/22/2022 9:36:10 AM,No
CMRCVIEWER.EXE-CD932F58.pf,6/15/2022 1:20:58 PM,7/21/2022 2:44:40 PM,"29,947",CMRCVIEWER.EXE,C:\PROGRAM FILES (X86)\CONFIGMGR CONSOLE\bin\i386\CMRCVIEWER.EXE,104,"7/21/2022 2:44:29 PM, 7/21/2022 10:36:40 AM, 7/21/2022 10:25:58 AM, 7/21/2022 10:04:16 AM, 7/21/2022 9:22:13 AM, 7/21/2022 8:54:25 AM, 7/20/2022 2:42:15 PM, 7/20/2022 11:17:30 AM",No
CODE.EXE-6A10A75B.pf,6/17/2022 8:31:27 AM,7/19/2022 1:19:25 PM,"75,335",CODE.EXE,C:\Users\npmoyer\AppData\Local\Programs\MICROSOFT VS CODE\Code.exe,51,"7/19/2022 1:19:15 PM, 7/19/2022 1:19:09 PM, 7/15/2022 12:01:56 PM, 7/15/2022 12:01:56 PM, 7/15/2022 10:33:12 AM, 7/15/2022 10:28:51 AM, 7/15/2022 10:23:52 AM, 7/15/2022 10:23:47 AM",No
CODESETUP-STABLE-3B889B090B5A-92CAE830.pf,7/19/2022 1:19:56 PM,7/19/2022 1:19:56 PM,"42,790",CODESETUP-STABLE-3B889B090B5AD5793F524B5D1D39FDA662B96A2A.TMP,C:\USERS\NPMOYER\APPDATA\LOCAL\TEMP\IS-FL9TD.TMP\CODESETUP-STABLE-3B889B090B5AD5793F524B5D1D39FDA662B96A2A.TMP,1,7/19/2022 1:19:51 PM,Yes
CODESETUP-STABLE-92D25E35D9BF-4C96BBA3.pf,7/11/2022 8:06:44 AM,7/11/2022 8:06:44 AM,"42,726",CODESETUP-STABLE-92D25E35D9BF1A6B16F7D0758F25D48ACE11E5B9.TMP,C:\Users\npmoyer\AppData\Local\Temp\is-1G8K4.tmp\CODESETUP-STABLE-92D25E35D9BF1A6B16F7D0758F25D48ACE11E5B9.TMP,1,7/11/2022 8:06:41 AM,No
CODESETUP-STABLE-B06AE3B2D2DB-E80A15EA.pf,7/12/2022 5:47:51 PM,7/12/2022 5:47:51 PM,"12,155",CODESETUP-STABLE-B06AE3B2D2DBFE28BCA3134CC6BE65935CDFEA6A.TMP,C:\USERS\NPMOYER\APPDATA\LOCAL\TEMP\IS-1K7T6.TMP\CODESETUP-STABLE-B06AE3B2D2DBFE28BCA3134CC6BE65935CDFEA6A.TMP,1,7/12/2022 5:47:42 PM,Yes
COMPPKGSRV.EXE-6D25F3E6.pf,7/22/2022 10:23:16 AM,7/22/2022 10:23:16 AM,"5,236",COMPPKGSRV.EXE,C:\Windows\System32\COMPPKGSRV.EXE,1,7/22/2022 10:23:16 AM,No
CONHOST.EXE-F98A1078.pf,7/15/2022 11:39:25 AM,7/22/2022 10:22:32 AM,"4,803",CONHOST.EXE,C:\Windows\System32\conhost.exe,"1,121","7/22/2022 10:22:32 AM, 7/22/2022 10:19:28 AM, 7/22/2022 10:16:09 AM, 7/22/2022 10:13:21 AM, 7/22/2022 10:10:47 AM, 7/22/2022 10:07:50 AM, 7/22/2022 10:01:54 AM, 7/22/2022 9:58:13 AM",No
CONSENT.EXE-2D674CE4.pf,6/14/2022 4:54:05 PM,7/22/2022 10:28:51 AM,"62,935",CONSENT.EXE,C:\Windows\System32\consent.exe,103,"7/22/2022 10:28:41 AM, 7/22/2022 8:18:25 AM, 7/22/2022 8:00:37 AM, 7/20/2022 11:24:01 AM, 7/20/2022 10:41:11 AM, 7/20/2022 9:13:35 AM, 7/20/2022 8:34:45 AM, 7/20/2022 8:31:08 AM",No
CREDENTIALUIBROKER.EXE-E9F92FD0.pf,6/14/2022 4:49:18 PM,7/21/2022 2:27:49 PM,"38,529",CREDENTIALUIBROKER.EXE,C:\Windows\System32\CREDENTIALUIBROKER.EXE,94,"7/21/2022 2:27:44 PM, 7/21/2022 11:33:37 AM, 7/21/2022 10:36:05 AM, 7/20/2022 2:37:43 PM, 7/20/2022 11:55:54 AM, 7/20/2022 11:52:23 AM, 7/20/2022 11:34:43 AM, 7/20/2022 11:29:02 AM",No
DEVENV.EXE-F5882693.pf,6/17/2022 2:22:43 PM,7/22/2022 10:28:53 AM,"94,899",DEVENV.EXE,C:\PROGRAM FILES\MICROSOFT VISUAL STUDIO\2022\COMMUNITY\Common7\IDE\devenv.exe,20,"7/22/2022 10:28:51 AM, 7/22/2022 10:23:30 AM, 7/15/2022 9:53:48 AM, 7/15/2022 9:33:11 AM, 7/14/2022 4:48:00 PM, 7/14/2022 4:30:58 PM, 7/12/2022 5:47:34 PM, 7/12/2022 9:16:19 AM",No
DEVICEPROPERTIES.EXE-61888493.pf,7/18/2022 8:53:19 AM,7/18/2022 8:57:59 AM,"12,561",DEVICEPROPERTIES.EXE,C:\Windows\System32\DEVICEPROPERTIES.EXE,3,"7/18/2022 8:57:48 AM, 7/18/2022 8:55:04 AM, 7/18/2022 8:53:09 AM",No
DLLHOST.EXE-08D3C038.pf,7/22/2022 8:43:43 AM,7/22/2022 8:43:43 AM,"3,600",DLLHOST.EXE,C:\Windows\System32\dllhost.exe,1,7/22/2022 8:43:38 AM,No
DLLHOST.EXE-34E3C159.pf,7/22/2022 8:43:48 AM,7/22/2022 8:43:48 AM,"6,800",DLLHOST.EXE,C:\Windows\System32\dllhost.exe,1,7/22/2022 8:43:38 AM,No
DLLHOST.EXE-5C8817D4.pf,7/22/2022 8:34:25 AM,7/22/2022 8:34:25 AM,"4,520",DLLHOST.EXE,C:\Windows\System32\dllhost.exe,1,7/22/2022 8:34:20 AM,No
DLLHOST.EXE-6A829A47.pf,7/22/2022 8:43:53 AM,7/22/2022 10:32:31 AM,"3,767",DLLHOST.EXE,C:\Windows\System32\dllhost.exe,10,"7/22/2022 10:32:22 AM, 7/22/2022 10:30:18 AM, 7/22/2022 10:28:47 AM, 7/22/2022 10:28:41 AM, 7/22/2022 10:27:51 AM, 7/22/2022 10:27:45 AM, 7/22/2022 9:39:00 AM, 7/22/2022 9:34:40 AM",No
DLLHOST.EXE-6E31253B.pf,7/22/2022 10:29:02 AM,7/22/2022 10:29:02 AM,"6,505",DLLHOST.EXE,C:\Windows\System32\dllhost.exe,1,7/22/2022 10:28:52 AM,No
DLLHOST.EXE-D55B6E5F.pf,7/22/2022 8:40:55 AM,7/22/2022 9:56:13 AM,"3,977",DLLHOST.EXE,C:\Windows\System32\dllhost.exe,7,"7/22/2022 9:56:03 AM, 7/22/2022 9:52:16 AM, 7/22/2022 9:34:48 AM, 7/22/2022 9:24:11 AM, 7/22/2022 9:11:24 AM, 7/22/2022 8:59:23 AM, 7/22/2022 8:40:45 AM",No
EXCEL.EXE-36952AF2.pf,6/17/2022 1:36:08 PM,7/20/2022 10:43:52 AM,"79,000",EXCEL.EXE,C:\PROGRAM FILES\MICROSOFT OFFICE\root\Office16\EXCEL.EXE,17,"7/20/2022 10:43:42 AM, 7/19/2022 1:13:36 PM, 7/15/2022 10:26:22 AM, 7/15/2022 10:21:50 AM, 7/15/2022 10:15:03 AM, 7/15/2022 10:11:37 AM, 7/15/2022 10:07:26 AM, 7/15/2022 9:35:38 AM",No
EXPLORER.EXE-03C49D11.pf,6/14/2022 4:49:11 PM,7/22/2022 10:23:36 AM,"59,514",EXPLORER.EXE,C:\Windows\explorer.exe,77,"7/22/2022 10:23:26 AM, 7/22/2022 9:34:39 AM, 7/22/2022 9:22:11 AM, 7/21/2022 2:12:29 PM, 7/21/2022 8:21:30 AM, 7/20/2022 2:37:30 PM, 7/20/2022 9:41:59 AM, 7/20/2022 9:14:55 AM",No
FILECOAUTH.EXE-3B6EB391.pf,7/22/2022 8:43:54 AM,7/22/2022 10:23:37 AM,"19,623",FILECOAUTH.EXE,C:\Users\npmoyer\AppData\Local\MICROSOFT\OneDrive\22.131.0619.0001\FILECOAUTH.EXE,5,"7/22/2022 10:23:27 AM, 7/22/2022 9:34:40 AM, 7/22/2022 9:22:13 AM, 7/22/2022 8:47:59 AM, 7/22/2022 8:43:48 AM",No
FINDMOSTRECENTLYUSED APPS.EXE-A22DADA6.pf,7/11/2022 1:52:48 PM,7/12/2022 2:41:45 PM,"19,668",FINDMOSTRECENTLYUSED APPS.EXE,C:\Temp\APP ACCESS TIME ANALYZER\0.0.4\FINDMOSTRECENTLYUSED APPS.EXE,2,"7/12/2022 2:41:35 PM, 7/11/2022 1:52:38 PM",No
FINDMOSTRECENTLYUSED APPS.EXE-CA1947DB.pf,6/17/2022 2:34:16 PM,7/22/2022 10:32:27 AM,"30,771",FINDMOSTRECENTLYUSED APPS.EXE,C:\Users\npmoyer\ONEDRIVE - CITY OF ANN ARBOR\DOCUMENTS\GitHub\RECENT-APP-SEARCH\FINDMOSTRECENTLYUSED APPS\FINDMOSTRECENTLYUSED APPS\bin\Debug\FINDMOSTRECENTLYUSED APPS.EXE,63,"7/22/2022 10:32:17 AM, 7/22/2022 10:29:26 AM, 7/15/2022 10:25:56 AM, 7/15/2022 10:18:40 AM, 7/15/2022 10:14:44 AM, 7/15/2022 10:11:24 AM, 7/15/2022 10:03:14 AM, 7/15/2022 9:56:31 AM",No
FINDMOSTRECENTLYUSED APPS.EXE-FA2F0611.pf,7/15/2022 10:40:13 AM,7/15/2022 11:39:34 AM,"21,394",FINDMOSTRECENTLYUSED APPS.EXE,C:\TEMP\APP ACCESS TIME ANALYZER\0.1\FINDMOSTRECENTLYUSED APPS.EXE,2,"7/15/2022 11:39:24 AM, 7/15/2022 10:40:03 AM",Yes
GAMEBARPRESENCEWRITER.EXE-FE591E8F.pf,7/22/2022 9:22:31 AM,7/22/2022 9:22:31 AM,"5,319",GAMEBARPRESENCEWRITER.EXE,C:\Windows\System32\GAMEBARPRESENCEWRITER.EXE,1,7/22/2022 9:22:21 AM,No
GIT-LFS.EXE-FF83DF06.pf,7/22/2022 10:23:23 AM,7/22/2022 10:23:23 AM,"6,498",GIT-LFS.EXE,C:\Users\npmoyer\AppData\Local\GITHUBDESKTOP\APP-3.0.5\RESOURCES\app\git\mingw64\libexec\git-core\git-lfs.exe,1,7/22/2022 10:23:21 AM,No
GIT-REMOTE-HTTPS.EXE-F39F984C.pf,7/22/2022 10:23:45 AM,7/22/2022 10:23:45 AM,"6,312",GIT-REMOTE-HTTPS.EXE,C:\Users\npmoyer\AppData\Local\GITHUBDESKTOP\APP-3.0.5\RESOURCES\app\git\mingw64\bin\GIT-REMOTE-HTTPS.EXE,1,7/22/2022 10:23:44 AM,No
GIT.EXE-48D7FDD6.pf,7/22/2022 10:23:21 AM,7/22/2022 10:23:23 AM,"3,004",GIT.EXE,C:\Users\npmoyer\AppData\Local\GITHUBDESKTOP\APP-3.0.5\RESOURCES\app\git\cmd\git.exe,12,"7/22/2022 10:23:23 AM, 7/22/2022 10:23:23 AM, 7/22/2022 10:23:23 AM, 7/22/2022 10:23:22 AM, 7/22/2022 10:23:22 AM, 7/22/2022 10:23:22 AM, 7/22/2022 10:23:22 AM, 7/22/2022 10:23:21 AM",No
GIT.EXE-AD347267.pf,7/22/2022 10:23:21 AM,7/22/2022 10:23:28 AM,"7,239",GIT.EXE,C:\Users\npmoyer\AppData\Local\GITHUBDESKTOP\APP-3.0.5\RESOURCES\app\git\mingw64\bin\git.exe,10,"7/22/2022 10:23:28 AM, 7/22/2022 10:23:28 AM, 7/22/2022 10:23:28 AM, 7/22/2022 10:23:23 AM, 7/22/2022 10:23:23 AM, 7/22/2022 10:23:23 AM, 7/22/2022 10:23:23 AM, 7/22/2022 10:23:23 AM",No
GIT.EXE-EEDABAD9.pf,7/22/2022 10:23:33 AM,7/22/2022 10:29:43 AM,"6,624",GIT.EXE,C:\PROGRAM FILES\MICROSOFT VISUAL STUDIO\2022\COMMUNITY\Common7\IDE\COMMONEXTENSIONS\MICROSOFT\TEAMFOUNDATION\TEAM EXPLORER\Git\mingw64\bin\git.exe,11,"7/22/2022 10:29:43 AM, 7/22/2022 10:27:42 AM, 7/22/2022 10:23:46 AM, 7/22/2022 10:23:46 AM, 7/22/2022 10:23:44 AM, 7/22/2022 10:23:43 AM, 7/22/2022 10:23:43 AM, 7/22/2022 10:23:43 AM",No
GITHUBDESKTOP.EXE-84ED916F.pf,7/15/2022 9:25:20 AM,7/22/2022 10:23:25 AM,"41,896",GITHUBDESKTOP.EXE,C:\Users\npmoyer\AppData\Local\GITHUBDESKTOP\APP-3.0.5\GITHUBDESKTOP.EXE,3,"7/22/2022 10:23:15 AM, 7/18/2022 9:18:18 AM, 7/15/2022 9:25:10 AM",No
GITHUBDESKTOP.EXE-84ED9170.pf,7/22/2022 10:23:26 AM,7/22/2022 10:23:26 AM,"10,743",GITHUBDESKTOP.EXE,C:\Users\npmoyer\AppData\Local\GITHUBDESKTOP\APP-3.0.5\GITHUBDESKTOP.EXE,1,7/22/2022 10:23:16 AM,No
GITHUBDESKTOP.EXE-84ED9171.pf,7/22/2022 10:23:26 AM,7/22/2022 10:25:16 AM,"24,302",GITHUBDESKTOP.EXE,C:\Users\npmoyer\AppData\Local\GITHUBDESKTOP\APP-3.0.5\GITHUBDESKTOP.EXE,2,"7/22/2022 10:25:16 AM, 7/22/2022 10:23:16 AM",No
GITHUBDESKTOP.EXE-84ED9177.pf,7/22/2022 10:23:26 AM,7/22/2022 10:23:26 AM,"8,058",GITHUBDESKTOP.EXE,C:\Users\npmoyer\AppData\Local\GITHUBDESKTOP\APP-3.0.5\GITHUBDESKTOP.EXE,1,7/22/2022 10:23:16 AM,No
GITHUBDESKTOP.EXE-9CDAC8C5.pf,7/6/2022 10:05:27 AM,7/14/2022 4:30:32 PM,"39,059",GITHUBDESKTOP.EXE,C:\Users\npmoyer\AppData\Local\GITHUBDESKTOP\APP-3.0.3\GITHUBDESKTOP.EXE,6,"7/14/2022 4:30:22 PM, 7/12/2022 5:45:37 PM, 7/12/2022 9:15:58 AM, 7/11/2022 2:46:36 PM, 7/6/2022 10:37:47 AM, 7/6/2022 10:05:17 AM",No
GITHUBDESKTOP.EXE-A8D16470.pf,6/15/2022 8:51:10 AM,7/14/2022 4:32:51 PM,"45,766",GITHUBDESKTOP.EXE,C:\USERS\NPMOYER\APPDATA\LOCAL\GITHUBDESKTOP\APP-3.0.2\GITHUBDESKTOP.EXE,6,"7/14/2022 4:32:51 PM, 7/1/2022 1:10:59 PM, 6/21/2022 8:11:49 AM, 6/17/2022 2:22:18 PM, 6/15/2022 8:51:15 AM, 6/15/2022 8:51:00 AM",Yes
GITHUBDESKTOP.EXE-DCF3B781.pf,7/22/2022 10:23:15 AM,7/22/2022 10:23:15 AM,"3,999",GITHUBDESKTOP.EXE,C:\Users\npmoyer\AppData\Local\GITHUBDESKTOP\GITHUBDESKTOP.EXE,1,7/22/2022 10:23:15 AM,No
GOOGLEUPDATE.EXE-62E5E10F.pf,7/22/2022 8:38:40 AM,7/22/2022 8:38:40 AM,"8,390",GOOGLEUPDATE.EXE,C:\PROGRAM FILES (X86)\Google\Update\GOOGLEUPDATE.EXE,1,7/22/2022 8:38:40 AM,No
GPUPDATE.EXE-AD7738E4.pf,7/22/2022 9:38:57 AM,7/22/2022 9:58:09 AM,"4,257",GPUPDATE.EXE,C:\Windows\System32\gpupdate.exe,2,"7/22/2022 9:57:59 AM, 7/22/2022 9:38:47 AM",No
GUP.EXE-7F7956CE.pf,6/30/2022 8:44:13 AM,6/30/2022 8:44:13 AM,"8,646",GUP.EXE,C:\PROGRAM FILES\NOTEPAD++\updater\GUP.exe,1,6/30/2022 8:44:10 AM,No
HP SYSTEM INFORMATION.EXE-67254025.pf,7/7/2022 4:46:26 PM,7/7/2022 4:47:02 PM,"27,448",HP SYSTEM INFORMATION.EXE,C:\PROGRAM FILES\WINDOWSAPPS\AD2F1837.HPSYSTEMINFORMATION_8.10.29.0_X64__V10Z8VJAG6KE6\HP SYSTEM INFORMATION.EXE,2,"7/7/2022 4:46:55 PM, 7/7/2022 4:46:16 PM",No
HP.EASYSTART.EXE-6DEB2CDF.pf,6/17/2022 3:14:46 PM,6/17/2022 3:14:46 PM,"63,965",HP.EASYSTART.EXE,C:\Users\npmoyer\AppData\Local\Temp\7zS3562\HPEASYSTART\HP.EASYSTART.EXE,1,6/17/2022 3:14:41 PM,No
HPEASYSTART-13.4.8-OJP8030_49-B9063646.pf,6/17/2022 3:13:27 PM,6/22/2022 4:32:45 PM,"37,382",HPEASYSTART-13.4.8-OJP8030_49_10_4647_1_WEBPACK.EXE,C:\Users\npmoyer\DOWNLOADS\HPEASYSTART-13.4.8-OJP8030_49_10_4647_1_WEBPACK.EXE,2,"6/22/2022 4:32:40 PM, 6/17/2022 3:13:26 PM",No
HPHWDIAG.EXE-E4A85EE7.pf,6/24/2022 8:44:47 AM,6/24/2022 8:49:36 AM,"66,329",HPHWDIAG.EXE,C:\PROGRAM FILES\WINDOWSAPPS\AD2F1837.HPPCHARDWAREDIAGNOSTICSWINDOWS_1.8.1.0_X64__V10Z8VJAG6KE6\HpHwDiag.exe,3,"6/24/2022 8:49:33 AM, 6/24/2022 8:45:15 AM, 6/24/2022 8:44:44 AM",No
HPWPD.EXE-469013B0.pf,7/13/2022 12:13:29 PM,7/13/2022 12:13:29 PM,"19,243",HPWPD.EXE,C:\PROGRAM FILES (X86)\HEWLETT-PACKARD\HP SUPPORT SOLUTIONS\Modules\HPWPD.exe,1,7/13/2022 12:13:19 PM,No
IEXPLORE.EXE-7A9337F2.pf,6/30/2022 8:44:44 AM,6/30/2022 8:44:44 AM,"19,810",IEXPLORE.EXE,C:\PROGRAM FILES\INTERNET EXPLORER\iexplore.exe,1,6/30/2022 8:44:35 AM,No
INNO_UPDATER.EXE-F89D0A55.pf,7/12/2022 6:00:49 PM,7/19/2022 4:20:08 PM,"10,709",INNO_UPDATER.EXE,C:\Users\npmoyer\AppData\Local\Programs\MICROSOFT VS CODE\tools\INNO_UPDATER.EXE,2,"7/19/2022 4:20:07 PM, 7/12/2022 6:00:47 PM",No
LASTACTIVITYVIEW.EXE-897AABD4.pf,7/11/2022 1:19:54 PM,7/11/2022 1:19:54 PM,"39,965",LASTACTIVITYVIEW.EXE,C:\Users\npmoyer\DOWNLOADS\LASTACTIVITYVIEW\LASTACTIVITYVIEW.EXE,1,7/11/2022 1:19:44 PM,No
LIGHT HOST.EXE-D8725C43.pf,6/28/2022 3:07:30 PM,7/21/2022 10:34:46 AM,"12,315",LIGHT HOST.EXE,C:\Temp\LIGHT HOST 1.2.1 WIN64\LIGHT HOST.EXE,12,"7/21/2022 10:34:36 AM, 7/18/2022 8:57:25 AM, 7/18/2022 8:00:06 AM, 7/12/2022 5:09:36 PM, 7/12/2022 8:30:42 AM, 7/7/2022 7:53:37 AM, 7/6/2022 10:33:41 AM, 7/6/2022 10:21:21 AM",No
LOCKAPP.EXE-004B30B4.pf,6/15/2022 11:28:22 AM,7/21/2022 11:54:14 AM,"35,812",LOCKAPP.EXE,C:\Windows\SYSTEMAPPS\MICROSOFT.LOCKAPP_CW5N1H2TXYEWY\LockApp.exe,22,"7/21/2022 11:54:04 AM, 7/18/2022 10:23:52 AM, 7/15/2022 8:16:45 AM, 7/14/2022 9:38:01 AM, 7/13/2022 6:03:05 PM, 7/13/2022 8:43:56 AM, 7/12/2022 5:39:30 PM, 7/12/2022 8:53:50 AM",No
LOGONUI.EXE-E35F76FB.pf,6/14/2022 3:38:57 PM,7/21/2022 5:03:55 PM,"34,178",LOGONUI.EXE,C:\Windows\System32\LogonUI.exe,129,"7/21/2022 5:03:45 PM, 7/21/2022 11:54:03 AM, 7/21/2022 10:31:52 AM, 7/20/2022 5:00:26 PM, 7/20/2022 9:05:41 AM, 7/18/2022 10:53:07 AM, 7/18/2022 10:23:51 AM, 7/15/2022 12:06:32 PM",No
MICOLLAB.EXE-7821CDFC.pf,6/15/2022 8:30:47 AM,7/21/2022 10:34:42 AM,"85,819",MICOLLAB.EXE,C:\PROGRAM FILES (X86)\Mitel\MiCollab\MiCollab.exe,28,"7/21/2022 10:34:25 AM, 7/21/2022 8:05:20 AM, 7/18/2022 8:57:22 AM, 7/18/2022 7:59:55 AM, 7/15/2022 7:57:24 AM, 7/13/2022 3:13:28 PM, 7/12/2022 8:30:38 AM, 7/11/2022 8:00:09 AM",No
MICROSOFT SQL MANAGMENT STUDI-8FC7ADCE.pf,6/15/2022 8:21:47 AM,6/15/2022 8:49:04 AM,"41,657",MICROSOFT SQL MANAGMENT STUDIO SSMS-SETUP-ENU.EXE,C:\Temp\MICROSOFT SQL MANAGMENT STUDIO SSMS-SETUP-ENU.EXE,5,"6/15/2022 8:48:54 AM, 6/15/2022 8:48:54 AM, 6/15/2022 8:48:47 AM, 6/15/2022 8:21:37 AM, 6/15/2022 8:21:37 AM",No
MICROSOFT.AAD.BROKERPLUGIN.EX-4926BF91.pf,6/14/2022 6:09:23 PM,7/15/2022 7:57:50 AM,"58,198",MICROSOFT.AAD.BROKERPLUGIN.EXE,C:\Windows\SYSTEMAPPS\MICROSOFT.AAD.BROKERPLUGIN_CW5N1H2TXYEWY\MICROSOFT.AAD.BROKERPLUGIN.EXE,2,"7/15/2022 7:57:39 AM, 6/14/2022 6:09:12 PM",No
MICROSOFT.CONFIGURATIONMANAGE-DBAA1C74.pf,6/14/2022 6:08:00 PM,7/22/2022 8:18:39 AM,"97,711",MICROSOFT.CONFIGURATIONMANAGEMENT.MANAGEMENTPROVIDER.DLL,C:\PROGRAM FILES (X86)\CONFIGMGR CONSOLE\bin\MICROSOFT.CONFIGURATIONMANAGEMENT.MANAGEMENTPROVIDER.DLL,34,"7/22/2022 8:18:33 AM, 7/21/2022 8:12:31 AM, 7/18/2022 8:58:57 AM, 7/18/2022 8:07:02 AM, 7/18/2022 8:02:37 AM, 7/14/2022 8:15:27 AM, 7/13/2022 4:39:18 PM, 7/13/2022 8:10:12 AM",No
MICROSOFT.MANAGEMENT.SERVICES-A2F1E140.pf,7/22/2022 9:23:45 AM,7/22/2022 10:32:38 AM,"33,045",MICROSOFT.MANAGEMENT.SERVICES.INTUNEWINDOWSAGENT.EXE,C:\PROGRAM FILES (X86)\MICROSOFT INTUNE MANAGEMENT EXTENSION\MICROSOFT.MANAGEMENT.SERVICES.INTUNEWINDOWSAGENT.EXE,25,"7/22/2022 10:32:28 AM, 7/22/2022 10:30:21 AM, 7/22/2022 10:28:13 AM, 7/22/2022 10:25:48 AM, 7/22/2022 10:22:32 AM, 7/22/2022 10:19:28 AM, 7/22/2022 10:16:08 AM, 7/22/2022 10:13:20 AM",No
MICROSOFT.PHOTOS.EXE-58F9C557.pf,7/7/2022 4:37:46 PM,7/19/2022 1:29:01 PM,"73,956",MICROSOFT.PHOTOS.DLL,C:\PROGRAM FILES\WINDOWSAPPS\MICROSOFT.WINDOWS.PHOTOS_2022.30060.30007.0_X64__8WEKYB3D8BBWE\MICROSOFT.PHOTOS.DLL,8,"7/19/2022 1:28:51 PM, 7/19/2022 8:11:52 AM, 7/18/2022 2:47:19 PM, 7/18/2022 10:00:40 AM, 7/18/2022 9:20:21 AM, 7/7/2022 4:40:05 PM, 7/7/2022 4:39:33 PM, 7/7/2022 4:37:39 PM",No
MICROSOFT.PHOTOS.EXE-F6743CA5.pf,6/15/2022 8:50:49 AM,7/1/2022 8:36:48 AM,"80,210",MICROSOFT.PHOTOS.DLL,C:\PROGRAM FILES\WINDOWSAPPS\MICROSOFT.WINDOWS.PHOTOS_2022.30060.3006.0_X64__8WEKYB3D8BBWE\MICROSOFT.PHOTOS.DLL,5,"7/1/2022 8:36:38 AM, 6/28/2022 2:11:50 PM, 6/28/2022 10:38:50 AM, 6/15/2022 8:50:59 AM, 6/15/2022 8:50:42 AM",Yes
MICROSOFT.SERVICEHUB.CONTROLL-5C302B87.pf,7/22/2022 10:23:46 AM,7/22/2022 10:29:04 AM,"41,740",MICROSOFT.SERVICEHUB.CONTROLLER.EXE,C:\PROGRAM FILES\MICROSOFT VISUAL STUDIO\2022\COMMUNITY\Common7\SERVICEHUB\CONTROLLER\MICROSOFT.SERVICEHUB.CONTROLLER.EXE,2,"7/22/2022 10:28:54 AM, 7/22/2022 10:23:36 AM",No
MICROSOFTEDGEUPDATE.EXE-30812F03.pf,7/22/2022 8:42:02 AM,7/22/2022 10:12:03 AM,"6,473",MICROSOFTEDGEUPDATE.EXE,C:\PROGRAM FILES (X86)\MICROSOFT\EDGEUPDATE\MICROSOFTEDGEUPDATE.EXE,3,"7/22/2022 10:12:03 AM, 7/22/2022 9:12:02 AM, 7/22/2022 8:42:02 AM",No
MMC.EXE-A8FD9384.pf,6/15/2022 9:47:10 AM,7/22/2022 8:26:05 AM,"23,346",MMC.EXE,C:\Windows\System32\mmc.exe,28,"7/22/2022 8:25:55 AM, 7/21/2022 10:43:59 AM, 7/21/2022 9:55:57 AM, 7/20/2022 2:24:38 PM, 7/20/2022 2:24:33 PM, 7/19/2022 3:02:54 PM, 7/19/2022 12:02:23 PM, 7/18/2022 2:01:49 PM",No
MMC.EXE-C252543C.pf,6/21/2022 5:06:58 PM,7/18/2022 8:52:56 AM,"27,437",MMC.EXE,C:\Windows\System32\mmc.exe,5,"7/18/2022 8:52:46 AM, 7/13/2022 12:13:39 PM, 7/6/2022 10:23:54 AM, 6/21/2022 5:10:45 PM, 6/21/2022 5:06:48 PM",No
MOFCOMP.EXE-826B4AA6.pf,7/22/2022 9:23:36 AM,7/22/2022 10:32:28 AM,"7,081",MOFCOMP.EXE,C:\Windows\SysWOW64\wbem\mofcomp.exe,37,"7/22/2022 10:32:28 AM, 7/22/2022 10:30:21 AM, 7/22/2022 10:30:21 AM, 7/22/2022 10:30:21 AM, 7/22/2022 10:28:14 AM, 7/22/2022 10:25:49 AM, 7/22/2022 10:25:49 AM, 7/22/2022 10:25:49 AM",No
MSACCESS.EXE-80B43F57.pf,6/22/2022 7:30:44 AM,6/22/2022 7:35:08 AM,"65,119",MSACCESS.EXE,C:\PROGRAM FILES\MICROSOFT OFFICE\root\Office16\MSACCESS.EXE,2,"6/22/2022 7:34:58 AM, 6/22/2022 7:30:34 AM",No
MSAVER129.EXE-42F06FC2.pf,7/18/2022 3:25:25 PM,7/18/2022 3:25:25 PM,"16,993",MSAVER129.EXE,C:\PROGRAM FILES (X86)\MAINSAVER\12.9\Bin\MSAVER129.EXE,1,7/18/2022 3:25:15 PM,No
MSBUILD.EXE-7B488E61.pf,7/22/2022 10:23:54 AM,7/22/2022 10:29:06 AM,"27,000",MSBUILD.EXE,C:\PROGRAM FILES\MICROSOFT VISUAL STUDIO\2022\COMMUNITY\Msbuild\Current\Bin\amd64\MSBuild.exe,2,"7/22/2022 10:28:56 AM, 7/22/2022 10:23:44 AM",No
MSBUILD.EXE-A5A1AE01.pf,7/22/2022 10:27:44 AM,7/22/2022 10:34:07 AM,"19,318",MSBUILD.EXE,C:\PROGRAM FILES\MICROSOFT VISUAL STUDIO\2022\COMMUNITY\Msbuild\Current\Bin\MSBuild.exe,7,"7/22/2022 10:34:07 AM, 7/22/2022 10:33:13 AM, 7/22/2022 10:32:55 AM, 7/22/2022 10:32:16 AM, 7/22/2022 10:30:08 AM, 7/22/2022 10:28:38 AM, 7/22/2022 10:27:43 AM",No
MSEDGE.EXE-F6B373AF.pf,6/14/2022 5:00:12 PM,7/20/2022 11:27:13 AM,"220,479",MSEDGE.EXE,C:\PROGRAM FILES (X86)\MICROSOFT\Edge\APPLICATION\msedge.exe,8,"7/20/2022 11:27:02 AM, 7/20/2022 11:27:01 AM, 6/29/2022 3:51:53 PM, 6/24/2022 8:48:45 AM, 6/21/2022 5:01:18 PM, 6/21/2022 5:01:17 PM, 6/14/2022 5:00:09 PM, 6/14/2022 5:00:09 PM",No
MSEDGEWEBVIEW2.EXE-44E58DB6.pf,7/22/2022 10:29:39 AM,7/22/2022 10:33:24 AM,"60,653",MSEDGEWEBVIEW2.EXE,C:\PROGRAM FILES (X86)\MICROSOFT\EDGEWEBVIEW\APPLICATION\103.0.1264.62\MSEDGEWEBVIEW2.EXE,5,"7/22/2022 10:33:14 AM, 7/22/2022 10:32:57 AM, 7/22/2022 10:32:17 AM, 7/22/2022 10:30:10 AM, 7/22/2022 10:29:29 AM",No
MSEDGEWEBVIEW2.EXE-44E58DB7.pf,7/22/2022 10:30:10 AM,7/22/2022 10:33:24 AM,"33,931",MSEDGEWEBVIEW2.EXE,C:\PROGRAM FILES (X86)\MICROSOFT\EDGEWEBVIEW\APPLICATION\103.0.1264.62\MSEDGEWEBVIEW2.EXE,10,"7/22/2022 10:33:14 AM, 7/22/2022 10:33:12 AM, 7/22/2022 10:33:12 AM, 7/22/2022 10:32:57 AM, 7/22/2022 10:32:55 AM, 7/22/2022 10:32:55 AM, 7/22/2022 10:32:16 AM, 7/22/2022 10:32:16 AM",No
MSEDGEWEBVIEW2.EXE-44E58DB8.pf,7/22/2022 10:30:20 AM,7/22/2022 10:33:24 AM,"32,620",MSEDGEWEBVIEW2.EXE,C:\PROGRAM FILES (X86)\MICROSOFT\EDGEWEBVIEW\APPLICATION\103.0.1264.62\MSEDGEWEBVIEW2.EXE,5,"7/22/2022 10:33:14 AM, 7/22/2022 10:32:57 AM, 7/22/2022 10:32:18 AM, 7/22/2022 10:32:10 AM, 7/22/2022 10:30:10 AM",No
MSEDGEWEBVIEW2.EXE-44E58DB9.pf,7/22/2022 10:30:20 AM,7/22/2022 10:33:24 AM,"14,731",MSEDGEWEBVIEW2.EXE,C:\PROGRAM FILES (X86)\MICROSOFT\EDGEWEBVIEW\APPLICATION\103.0.1264.62\MSEDGEWEBVIEW2.EXE,4,"7/22/2022 10:33:14 AM, 7/22/2022 10:32:57 AM, 7/22/2022 10:32:18 AM, 7/22/2022 10:30:10 AM",No
MSEDGEWEBVIEW2.EXE-44E58DBD.pf,7/22/2022 10:30:20 AM,7/22/2022 10:33:24 AM,"5,785",MSEDGEWEBVIEW2.EXE,C:\PROGRAM FILES (X86)\MICROSOFT\EDGEWEBVIEW\APPLICATION\103.0.1264.62\MSEDGEWEBVIEW2.EXE,4,"7/22/2022 10:33:14 AM, 7/22/2022 10:32:57 AM, 7/22/2022 10:32:17 AM, 7/22/2022 10:30:10 AM",No
MSEDGEWEBVIEW2.EXE-44E58DBE.pf,7/22/2022 10:30:24 AM,7/22/2022 10:33:28 AM,"15,104",MSEDGEWEBVIEW2.EXE,C:\PROGRAM FILES (X86)\MICROSOFT\EDGEWEBVIEW\APPLICATION\103.0.1264.62\MSEDGEWEBVIEW2.EXE,9,"7/22/2022 10:33:18 AM, 7/22/2022 10:33:14 AM, 7/22/2022 10:33:01 AM, 7/22/2022 10:32:57 AM, 7/22/2022 10:32:22 AM, 7/22/2022 10:32:05 AM, 7/22/2022 10:31:40 AM, 7/22/2022 10:31:23 AM",No
MSEDGEWEBVIEW2.EXE-8A5FA534.pf,6/24/2022 8:45:00 AM,6/24/2022 8:49:46 AM,"55,875",MSEDGEWEBVIEW2.EXE,C:\PROGRAM FILES (X86)\HP\HpHwDiag\MICROSOFT.WEBVIEW2.FIXEDVERSIONRUNTIME.98.0.1108.43.X64\MSEDGEWEBVIEW2.EXE,3,"6/24/2022 8:49:36 AM, 6/24/2022 8:45:18 AM, 6/24/2022 8:44:50 AM",No
MSEDGEWEBVIEW2.EXE-E9153A7D.pf,6/15/2022 9:03:45 AM,6/21/2022 1:22:11 PM,"90,373",MSEDGEWEBVIEW2.EXE,C:\PROGRAM FILES (X86)\MICROSOFT\EDGEWEBVIEW\APPLICATION\102.0.1245.41\MSEDGEWEBVIEW2.EXE,9,"6/21/2022 1:22:00 PM, 6/21/2022 8:35:38 AM, 6/21/2022 7:59:48 AM, 6/17/2022 2:34:09 PM, 6/17/2022 12:21:35 PM, 6/17/2022 12:21:25 PM, 6/15/2022 4:09:15 PM, 6/15/2022 2:41:59 PM",Yes
MSIEXEC.EXE-BAE57A74.pf,6/14/2022 3:12:54 PM,7/21/2022 3:00:41 PM,"17,326",MSIEXEC.EXE,C:\Windows\SysWOW64\msiexec.exe,69,"7/21/2022 3:00:31 PM, 7/18/2022 4:00:02 PM, 7/18/2022 3:23:53 PM, 7/18/2022 8:03:23 AM, 7/14/2022 8:00:19 AM, 7/13/2022 5:02:38 PM, 7/12/2022 5:21:43 PM, 7/11/2022 3:51:48 PM",No
MSINFO32.EXE-F283564F.pf,6/14/2022 4:38:51 PM,6/14/2022 4:38:51 PM,"9,320",MSINFO32.EXE,C:\Windows\System32\msinfo32.exe,1,6/14/2022 4:38:41 PM,No
MSTSC.EXE-DE630124.pf,6/15/2022 10:47:41 AM,7/21/2022 2:27:51 PM,"27,610",MSTSC.EXE,C:\Windows\System32\mstsc.exe,73,"7/21/2022 2:27:42 PM, 7/21/2022 11:33:32 AM, 7/21/2022 10:36:04 AM, 7/21/2022 10:31:26 AM, 7/21/2022 10:03:40 AM, 7/20/2022 11:55:37 AM, 7/20/2022 11:36:18 AM, 7/20/2022 11:29:00 AM",No
MSVSMON.EXE-E953855D.pf,7/22/2022 10:27:46 AM,7/22/2022 10:33:23 AM,"20,840",MSVSMON.EXE,C:\PROGRAM FILES\MICROSOFT VISUAL STUDIO\2022\COMMUNITY\Common7\IDE\REMOTE DEBUGGER\x86\msvsmon.exe,7,"7/22/2022 10:33:13 AM, 7/22/2022 10:32:56 AM, 7/22/2022 10:32:17 AM, 7/22/2022 10:30:09 AM, 7/22/2022 10:29:25 AM, 7/22/2022 10:28:39 AM, 7/22/2022 10:27:44 AM",No
NMCLIENT.EXE-8950FD6E.pf,6/14/2022 5:04:39 PM,7/15/2022 9:46:56 AM,"11,859",NMCLIENT.EXE,C:\PROGRAM FILES\NETMOTION CLIENT\nmclient.exe,4,"7/15/2022 9:46:46 AM, 6/24/2022 9:24:10 AM, 6/17/2022 3:11:12 PM, 6/14/2022 5:04:29 PM",No
NOMTRAY.EXE-C9640A8E.pf,6/14/2022 5:02:50 PM,7/21/2022 8:05:18 AM,"6,814",NOMTRAY.EXE,C:\PROGRAM FILES\NETMOTION CLIENT\nomtray.exe,25,"7/21/2022 8:05:07 AM, 7/20/2022 9:12:21 AM, 7/18/2022 8:57:09 AM, 7/18/2022 7:59:41 AM, 7/15/2022 8:02:56 AM, 7/14/2022 8:00:45 AM, 7/13/2022 8:03:27 AM, 7/12/2022 5:09:19 PM",No
NOTEPAD++.EXE-0C41AC7A.pf,6/30/2022 8:44:16 AM,7/11/2022 1:54:54 PM,"22,503",NOTEPAD++.EXE,C:\PROGRAM FILES\NOTEPAD++\NOTEPAD++.EXE,3,"7/11/2022 1:54:49 PM, 7/11/2022 1:20:50 PM, 6/30/2022 8:44:09 AM",No
NOTEPAD.EXE-B28CC291.pf,6/21/2022 10:21:07 AM,7/20/2022 1:37:11 PM,"15,146",NOTEPAD.EXE,C:\Windows\System32\notepad.exe,16,"7/20/2022 1:37:01 PM, 7/11/2022 5:17:44 PM, 7/11/2022 12:31:05 PM, 7/7/2022 4:16:14 PM, 7/7/2022 12:44:42 PM, 6/30/2022 2:50:11 PM, 6/30/2022 11:27:33 AM, 6/29/2022 11:12:34 AM",No
ODBCAD32.EXE-A0D992A4.pf,7/18/2022 9:15:48 AM,7/19/2022 3:50:04 PM,"6,258",ODBCAD32.EXE,C:\Windows\System32\odbcad32.exe,4,"7/19/2022 3:49:55 PM, 7/19/2022 3:49:51 PM, 7/18/2022 4:49:30 PM, 7/18/2022 9:15:38 AM",No
ODBCAD32.EXE-E258CE6D.pf,7/19/2022 3:49:50 PM,7/19/2022 3:49:50 PM,"6,068",,,1,7/19/2022 3:49:40 PM,No
OFCCCCAUPDATE.EXE-EAA47666.pf,7/22/2022 10:03:41 AM,7/22/2022 10:03:41 AM,"6,946",OFCCCCAUPDATE.EXE,C:\PROGRAM FILES (X86)\TREND MICRO\SECURITY AGENT\OFCCCCAUPDATE.EXE,3,"7/22/2022 10:03:41 AM, 7/22/2022 10:03:41 AM, 7/22/2022 10:03:41 AM",No
OFFICECLICKTORUN.EXE-4FE3D34D.pf,7/22/2022 8:34:29 AM,7/22/2022 8:34:30 AM,"18,952",OFFICECLICKTORUN.EXE,C:\PROGRAM FILES\COMMON FILES\MICROSOFT SHARED\CLICKTORUN\OFFICECLICKTORUN.EXE,2,"7/22/2022 8:34:20 AM, 7/22/2022 8:34:19 AM",No
ONENOTE.EXE-6B6FE19D.pf,6/15/2022 8:54:32 AM,7/22/2022 8:44:48 AM,"83,580",ONENOTE.EXE,C:\PROGRAM FILES\MICROSOFT OFFICE\root\Office16\ONENOTE.EXE,15,"7/22/2022 8:44:38 AM, 7/20/2022 10:27:39 AM, 7/18/2022 12:39:47 PM, 7/18/2022 8:15:39 AM, 7/14/2022 1:24:40 PM, 7/13/2022 9:15:12 AM, 7/11/2022 8:06:21 AM, 6/29/2022 11:40:09 AM",No
ONENOTEM.EXE-33739616.pf,7/22/2022 8:44:49 AM,7/22/2022 8:44:49 AM,"6,934",ONENOTEM.EXE,C:\PROGRAM FILES\MICROSOFT OFFICE\root\Office16\ONENOTEM.EXE,1,7/22/2022 8:44:49 AM,No
Op-EXPLORER.EXE-03C49D11-000000F5.pf,6/15/2022 2:39:15 PM,7/20/2022 9:05:05 AM,"7,107",,,5,"7/20/2022 9:05:05 AM, 6/29/2022 1:02:58 PM, 6/23/2022 3:01:00 PM, 6/17/2022 10:35:52 AM, 6/15/2022 2:39:14 PM",No
Op-MSEDGEWEBVIEW2.EX-44E58DB6-00000001.pf,7/22/2022 10:30:07 AM,7/22/2022 10:32:55 AM,"1,580",,,10,"7/22/2022 10:32:55 AM, 7/22/2022 10:32:55 AM, 7/22/2022 10:32:16 AM, 7/22/2022 10:32:16 AM, 7/22/2022 10:32:10 AM, 7/22/2022 10:32:05 AM, 7/22/2022 10:31:40 AM, 7/22/2022 10:31:23 AM",No
Op-MSEDGEWEBVIEW2.EX-8A5FA534-00000001.pf,6/24/2022 8:45:02 AM,6/24/2022 8:53:34 AM,"1,138",,,10,"6/24/2022 8:53:34 AM, 6/24/2022 8:52:55 AM, 6/24/2022 8:52:21 AM, 6/24/2022 8:51:50 AM, 6/24/2022 8:51:37 AM, 6/24/2022 8:51:24 AM, 6/24/2022 8:51:03 AM, 6/24/2022 8:50:45 AM",No
Op-SEARCHAPP.EXE-AC164F70-00000002.pf,7/12/2022 3:48:15 PM,7/12/2022 3:48:15 PM,"4,926",,,1,7/12/2022 3:48:15 PM,No
OPENWITH.EXE-BA0DC300.pf,6/15/2022 10:59:22 AM,7/22/2022 9:22:24 AM,"31,748",OPENWITH.EXE,C:\Windows\System32\OpenWith.exe,28,"7/22/2022 9:22:21 AM, 7/20/2022 9:42:05 AM, 7/20/2022 8:34:27 AM, 7/11/2022 1:54:30 PM, 7/8/2022 9:21:33 AM, 7/6/2022 11:17:40 AM, 7/5/2022 8:35:24 AM, 7/1/2022 2:07:11 PM",No
OUTLOOK.EXE-74475F66.pf,6/15/2022 8:22:06 AM,7/22/2022 8:01:42 AM,"100,825",OUTLOOK.EXE,C:\PROGRAM FILES\MICROSOFT OFFICE\root\Office16\OUTLOOK.EXE,47,"7/22/2022 8:01:39 AM, 7/21/2022 10:34:20 AM, 7/20/2022 9:12:55 AM, 7/18/2022 9:24:43 AM, 7/18/2022 8:03:05 AM, 7/15/2022 8:03:41 AM, 7/15/2022 7:59:56 AM, 7/14/2022 8:01:11 AM",No
PCCNT.EXE-1D418CC5.pf,6/28/2022 3:14:31 PM,7/11/2022 8:16:47 AM,"53,076",PCCNT.EXE,C:\PROGRAM FILES (X86)\TREND MICRO\SECURITY AGENT\PccNt.exe,4,"7/11/2022 8:16:37 AM, 7/7/2022 10:57:17 AM, 6/28/2022 3:14:47 PM, 6/28/2022 3:14:21 PM",No
PERFWATSON2.EXE-C7015132.pf,7/22/2022 10:23:43 AM,7/22/2022 10:29:03 AM,"36,130",PERFWATSON2.EXE.CONFIG,C:\PROGRAM FILES\MICROSOFT VISUAL STUDIO\2022\COMMUNITY\Common7\IDE\PERFWATSON2.EXE.CONFIG,2,"7/22/2022 10:28:53 AM, 7/22/2022 10:23:33 AM",No
PING.EXE-167FE968.pf,7/22/2022 9:36:24 AM,7/22/2022 9:36:24 AM,"4,604",PING.EXE,C:\Windows\System32\PING.EXE,1,7/22/2022 9:36:14 AM,No
POLICYHOST.EXE-65358065.pf,7/22/2022 9:20:59 AM,7/22/2022 9:20:59 AM,"9,101",POLICYHOST.EXE,C:\PROGRAM FILES\MICROSOFT POLICY PLATFORM\POLICYHOST.EXE,1,7/22/2022 9:20:49 AM,No
POWERSHELL.EXE-022A1004.pf,7/22/2022 8:34:43 AM,7/22/2022 9:50:51 AM,"40,389",POWERSHELL.EXE,C:\Windows\System32\WINDOWSPOWERSHELL\v1.0\POWERSHELL.EXE,3,"7/22/2022 9:50:50 AM, 7/22/2022 9:05:49 AM, 7/22/2022 8:34:43 AM",No
REGEDIT.EXE-246AC210.pf,7/5/2022 12:41:23 PM,7/18/2022 3:24:54 PM,"16,580",REGEDIT.EXE,C:\Windows\regedit.exe,5,"7/18/2022 3:24:54 PM, 7/18/2022 3:24:54 PM, 7/11/2022 1:08:21 PM, 7/7/2022 1:00:51 PM, 7/5/2022 12:41:13 PM",No
REPORTVIEWER.EXE-6C47EDF5.pf,7/18/2022 8:06:02 AM,7/18/2022 8:06:02 AM,"13,563",REPORTVIEWER.EXE,C:\PROGRAM FILES (X86)\CONFIGMGR CONSOLE\bin\REPORTVIEWER.EXE,1,7/18/2022 8:05:59 AM,No
RIGHT CLICK TOOLS DESKTOP.EXE-B52479BA.pf,6/21/2022 8:17:33 AM,7/21/2022 8:35:35 AM,"80,846",RIGHT CLICK TOOLS DESKTOP.EXE,C:\PROGRAM FILES (X86)\RECAST SOFTWARE\RECAST RCT\RIGHT CLICK TOOLS DESKTOP.EXE,11,"7/21/2022 8:35:25 AM, 7/13/2022 1:23:34 PM, 7/7/2022 1:00:45 PM, 7/5/2022 12:41:10 PM, 7/5/2022 12:35:13 PM, 6/30/2022 10:51:37 AM, 6/29/2022 9:20:48 AM, 6/29/2022 9:20:22 AM",No
RUNDLL32.EXE-250600B0.pf,6/15/2022 8:27:41 AM,6/15/2022 8:27:41 AM,"16,590",RUNDLL32.EXE,C:\Windows\SysWOW64\rundll32.exe,1,6/15/2022 8:27:35 AM,No
RUNDLL32.EXE-4499C2C5.pf,6/27/2022 8:30:44 AM,7/22/2022 8:43:45 AM,"13,295",RUNDLL32.EXE,C:\Windows\System32\rundll32.exe,10,"7/22/2022 8:43:35 AM, 7/20/2022 11:04:33 AM, 7/20/2022 8:34:37 AM, 7/18/2022 8:57:09 AM, 7/18/2022 8:49:16 AM, 7/8/2022 8:45:52 AM, 7/6/2022 10:20:25 AM, 6/28/2022 3:06:48 PM",No
RUNDLL32.EXE-5A114ED3.pf,7/22/2022 8:58:43 AM,7/22/2022 9:57:31 AM,"7,414",RUNDLL32.EXE,C:\Windows\System32\rundll32.exe,6,"7/22/2022 9:57:31 AM, 7/22/2022 9:51:51 AM, 7/22/2022 9:23:08 AM, 7/22/2022 9:11:15 AM, 7/22/2022 9:09:21 AM, 7/22/2022 8:58:43 AM",No
RUNDLL32.EXE-61EB51D2.pf,6/24/2022 7:57:51 AM,7/15/2022 11:45:09 AM,"24,062",RUNDLL32.EXE,C:\Windows\System32\rundll32.exe,4,"7/15/2022 11:44:59 AM, 6/29/2022 1:04:36 PM, 6/29/2022 1:03:05 PM, 6/24/2022 7:57:40 AM",No
RUNDLL32.EXE-64C67CDF.pf,7/11/2022 8:44:50 AM,7/14/2022 4:46:48 PM,"7,633",RUNDLL32.EXE,C:\Windows\System32\rundll32.exe,2,"7/14/2022 4:46:43 PM, 7/11/2022 8:44:47 AM",No
RUNDLL32.EXE-6A30E6DF.pf,7/22/2022 8:59:07 AM,7/22/2022 9:57:49 AM,"7,420",RUNDLL32.EXE,C:\Windows\System32\rundll32.exe,6,"7/22/2022 9:57:49 AM, 7/22/2022 9:52:09 AM, 7/22/2022 9:23:32 AM, 7/22/2022 9:11:39 AM, 7/22/2022 9:09:45 AM, 7/22/2022 8:59:06 AM",No
RUNDLL32.EXE-A3EE2396.pf,7/22/2022 9:22:19 AM,7/22/2022 9:22:19 AM,"5,105",RUNDLL32.EXE,C:\Windows\System32\rundll32.exe,1,7/22/2022 9:22:18 AM,No
RUNDLL32.EXE-CB8DDACC.pf,7/14/2022 4:46:51 PM,7/14/2022 4:46:51 PM,"8,285",RUNDLL32.EXE,C:\Windows\System32\rundll32.exe,1,7/14/2022 4:46:50 PM,No
RUNDLL32.EXE-E36C2275.pf,7/22/2022 9:35:09 AM,7/22/2022 9:35:09 AM,"7,383",RUNDLL32.EXE,C:\Windows\System32\rundll32.exe,1,7/22/2022 9:35:09 AM,No
RUNDLL32.EXE-E848F3BC.pf,6/15/2022 2:45:35 PM,6/30/2022 10:49:34 AM,"12,695",RUNDLL32.EXE,C:\Windows\System32\rundll32.exe,2,"6/30/2022 10:49:24 AM, 6/15/2022 2:45:25 PM",No
RUNTIMEBROKER.EXE-39C1DDA0.pf,7/22/2022 8:44:50 AM,7/22/2022 10:29:42 AM,"7,022",RUNTIMEBROKER.EXE,C:\Windows\System32\RUNTIMEBROKER.EXE,18,"7/22/2022 10:29:32 AM, 7/22/2022 10:26:26 AM, 7/22/2022 10:22:56 AM, 7/22/2022 10:20:05 AM, 7/22/2022 10:14:43 AM, 7/22/2022 10:09:10 AM, 7/22/2022 10:01:34 AM, 7/22/2022 9:42:34 AM",No
RUNTIMEBROKER.EXE-A57EE15F.pf,7/22/2022 8:35:59 AM,7/22/2022 8:38:16 AM,"7,357",RUNTIMEBROKER.EXE,C:\Windows\System32\RUNTIMEBROKER.EXE,2,"7/22/2022 8:38:06 AM, 7/22/2022 8:35:49 AM",No
RUNTIMEBROKER.EXE-B8DF36B4.pf,7/21/2022 3:11:43 PM,7/22/2022 8:34:00 AM,"22,872",RUNTIMEBROKER.EXE,C:\Windows\System32\RUNTIMEBROKER.EXE,1,7/22/2022 8:33:50 AM,No
SCCLIENT.EXE-A5DA49D8.pf,6/14/2022 4:49:06 PM,7/21/2022 1:06:06 PM,"91,335",SCCLIENT.EXE,C:\Windows\CCM\ClientUX\SCClient.exe,13,"7/21/2022 1:05:56 PM, 7/21/2022 8:52:18 AM, 7/5/2022 1:46:41 PM, 6/30/2022 9:33:38 AM, 6/23/2022 7:28:38 AM, 6/21/2022 8:19:01 AM, 6/17/2022 8:29:59 AM, 6/16/2022 11:20:44 AM",No
SCHTASKS.EXE-BA1E321E.pf,7/22/2022 8:34:19 AM,7/22/2022 8:34:19 AM,"5,161",SCHTASKS.EXE,C:\Windows\System32\schtasks.exe,3,"7/22/2022 8:34:19 AM, 7/22/2022 8:34:19 AM, 7/22/2022 8:34:19 AM",No
SCRNSAVE.SCR-AE914591.pf,6/15/2022 4:49:12 PM,7/22/2022 9:22:08 AM,"6,015",SCRNSAVE.SCR,C:\Windows\System32\scrnsave.scr,45,"7/22/2022 9:22:07 AM, 7/21/2022 3:17:32 PM, 7/21/2022 11:53:58 AM, 7/20/2022 9:41:54 AM, 7/18/2022 10:23:46 AM, 7/15/2022 10:54:50 AM, 7/14/2022 3:15:36 PM, 7/14/2022 11:43:08 AM",No
SEARCHAPP.EXE-323BD72E.pf,6/14/2022 5:04:29 PM,6/17/2022 2:29:39 PM,"87,095",SEARCHAPP.EXE,C:\Windows\SYSTEMAPPS\MICROSOFT.WINDOWS.SEARCH_CW5N1H2TXYEWY\SEARCHAPP.EXE,5,"6/17/2022 2:29:29 PM, 6/15/2022 2:38:52 PM, 6/15/2022 12:24:22 AM, 6/15/2022 12:15:49 AM, 6/14/2022 5:04:08 PM",No
SEARCHAPP.EXE-3ACF34B3.pf,6/21/2022 7:59:11 AM,7/21/2022 8:05:05 AM,"93,046",SEARCHAPP.EXE,C:\Windows\SYSTEMAPPS\MICROSOFT.WINDOWS.SEARCH_CW5N1H2TXYEWY\SEARCHAPP.EXE,26,"7/21/2022 8:04:51 AM, 7/20/2022 9:12:05 AM, 7/19/2022 8:00:41 AM, 7/18/2022 3:10:57 PM, 7/18/2022 8:56:51 AM, 7/18/2022 7:59:26 AM, 7/15/2022 8:02:38 AM, 7/13/2022 6:02:45 PM",No
SEARCHFILTERHOST.EXE-10E4267C.pf,7/22/2022 8:38:08 AM,7/22/2022 10:32:13 AM,"4,032",SEARCHFILTERHOST.EXE,C:\Windows\System32\SEARCHFILTERHOST.EXE,24,"7/22/2022 10:32:03 AM, 7/22/2022 10:28:30 AM, 7/22/2022 10:25:48 AM, 7/22/2022 10:13:33 AM, 7/22/2022 10:02:35 AM, 7/22/2022 9:59:33 AM, 7/22/2022 9:55:41 AM, 7/22/2022 9:50:55 AM",No
SEARCHPROTOCOLHOST.EXE-C6CFE2A8.pf,7/22/2022 8:38:08 AM,7/22/2022 10:25:58 AM,"13,531",SEARCHPROTOCOLHOST.EXE,C:\Windows\System32\SEARCHPROTOCOLHOST.EXE,20,"7/22/2022 10:25:48 AM, 7/22/2022 10:13:33 AM, 7/22/2022 10:02:35 AM, 7/22/2022 9:55:41 AM, 7/22/2022 9:50:55 AM, 7/22/2022 9:42:18 AM, 7/22/2022 9:39:06 AM, 7/22/2022 9:33:32 AM",No
SECHEALTHUI.EXE-A675F0EF.pf,6/28/2022 3:16:36 PM,6/28/2022 3:16:36 PM,"29,936",SECHEALTHUI.EXE,C:\Windows\SYSTEMAPPS\MICROSOFT.WINDOWS.SECHEALTHUI_CW5N1H2TXYEWY\SECHEALTHUI.EXE,1,6/28/2022 3:16:27 PM,No
SELFSERVICE.EXE-5FE80FF7.pf,7/22/2022 9:10:44 AM,7/22/2022 10:10:43 AM,"19,324",SELFSERVICE.EXE.CONFIG,C:\PROGRAM FILES (X86)\Citrix\ICA CLIENT\SELFSERVICEPLUGIN\SELFSERVICE.EXE.CONFIG,2,"7/22/2022 10:10:42 AM, 7/22/2022 9:10:42 AM",No
SERVICEHUB.DATAWAREHOUSEHOST.-DDA7B862.pf,7/22/2022 10:27:55 AM,7/22/2022 10:29:36 AM,"69,605",SERVICEHUB.DATAWAREHOUSEHOST.EXE,C:\PROGRAM FILES\MICROSOFT VISUAL STUDIO\2022\COMMUNITY\Common7\SERVICEHUB\Hosts\SERVICEHUB.HOST.CLR.X64\SERVICEHUB.DATAWAREHOUSEHOST.EXE,2,"7/22/2022 10:29:26 AM, 7/22/2022 10:27:45 AM",No
SERVICEHUB.HOST.CLR.EXE-5F535531.pf,7/22/2022 10:24:11 AM,7/22/2022 10:29:12 AM,"27,888",SERVICEHUB.HOST.CLR.EXE,C:\PROGRAM FILES\MICROSOFT VISUAL STUDIO\2022\COMMUNITY\Common7\SERVICEHUB\Hosts\SERVICEHUB.HOST.CORECLR\SERVICEHUB.HOST.CLR.EXE,2,"7/22/2022 10:29:02 AM, 7/22/2022 10:24:01 AM",No
SERVICEHUB.HOST.CLR.X64.EXE-DE8B7664.pf,7/22/2022 10:24:10 AM,7/22/2022 10:29:22 AM,"60,164",SERVICEHUB.HOST.CLR.X64.EXE,C:\PROGRAM FILES\MICROSOFT VISUAL STUDIO\2022\COMMUNITY\Common7\SERVICEHUB\Hosts\SERVICEHUB.HOST.CLR.X64\SERVICEHUB.HOST.CLR.X64.EXE,2,"7/22/2022 10:29:12 AM, 7/22/2022 10:23:57 AM",No
SERVICEHUB.HOST.CLR.X86.EXE-74853A6C.pf,7/22/2022 10:24:10 AM,7/22/2022 10:29:26 AM,"90,647",SERVICEHUB.HOST.CLR.X86.EXE.CONFIG,C:\PROGRAM FILES\MICROSOFT VISUAL STUDIO\2022\COMMUNITY\Common7\SERVICEHUB\Hosts\SERVICEHUB.HOST.CLR.X86\SERVICEHUB.HOST.CLR.X86.EXE.CONFIG,4,"7/22/2022 10:29:16 AM, 7/22/2022 10:29:12 AM, 7/22/2022 10:24:00 AM, 7/22/2022 10:23:58 AM",No
SERVICEHUB.IDENTITYHOST.EXE-687EB0EF.pf,7/22/2022 10:24:00 AM,7/22/2022 10:29:07 AM,"75,793",SERVICEHUB.IDENTITYHOST.EXE,C:\PROGRAM FILES\MICROSOFT VISUAL STUDIO\2022\COMMUNITY\Common7\SERVICEHUB\Hosts\SERVICEHUB.HOST.CLR.X86\SERVICEHUB.IDENTITYHOST.EXE,2,"7/22/2022 10:28:57 AM, 7/22/2022 10:23:48 AM",No
SERVICEHUB.INDEXINGSERVICE.EX-1CDBC5E3.pf,7/22/2022 10:24:04 AM,7/22/2022 10:29:10 AM,"33,087",SERVICEHUB.INDEXINGSERVICE.EXE,C:\PROGRAM FILES\MICROSOFT VISUAL STUDIO\2022\COMMUNITY\Common7\SERVICEHUB\Hosts\SERVICEHUB.HOST.CORECLR\SERVICEHUB.INDEXINGSERVICE.EXE,2,"7/22/2022 10:29:00 AM, 7/22/2022 10:23:53 AM",No
SERVICEHUB.ROSLYNCODEANALYSIS-A016E09C.pf,7/22/2022 10:23:46 AM,7/22/2022 10:28:58 AM,"85,678",SERVICEHUB.ROSLYNCODEANALYSISSERVICE.EXE,C:\PROGRAM FILES\MICROSOFT VISUAL STUDIO\2022\COMMUNITY\Common7\SERVICEHUB\Hosts\SERVICEHUB.HOST.CLR.ANYCPU\SERVICEHUB.ROSLYNCODEANALYSISSERVICE.EXE,2,"7/22/2022 10:28:55 AM, 7/22/2022 10:23:42 AM",No
SERVICEHUB.SETTINGSHOST.EXE-7F7DB6DA.pf,7/22/2022 10:24:10 AM,7/22/2022 10:24:10 AM,"66,132",SERVICEHUB.SETTINGSHOST.EXE,C:\PROGRAM FILES\MICROSOFT VISUAL STUDIO\2022\COMMUNITY\Common7\SERVICEHUB\Hosts\SERVICEHUB.HOST.CLR.X86\SERVICEHUB.SETTINGSHOST.EXE,1,7/22/2022 10:23:58 AM,No
SERVICEHUB.TESTWINDOWSTOREHOS-E4051BA0.pf,7/22/2022 10:24:17 AM,7/22/2022 10:24:17 AM,"54,474",SERVICEHUB.TESTWINDOWSTOREHOST.EXE,C:\PROGRAM FILES\MICROSOFT VISUAL STUDIO\2022\COMMUNITY\Common7\SERVICEHUB\Hosts\SERVICEHUB.HOST.CLR.ANYCPU\SERVICEHUB.TESTWINDOWSTOREHOST.EXE,1,7/22/2022 10:24:07 AM,No
SERVICEHUB.THREADEDWAITDIALOG-5452EFCD.pf,7/22/2022 10:23:53 AM,7/22/2022 10:29:06 AM,"74,850",SERVICEHUB.THREADEDWAITDIALOG.EXE,C:\PROGRAM FILES\MICROSOFT VISUAL STUDIO\2022\COMMUNITY\Common7\SERVICEHUB\Hosts\SERVICEHUB.HOST.CLR.X86\SERVICEHUB.THREADEDWAITDIALOG.EXE,2,"7/22/2022 10:28:56 AM, 7/22/2022 10:23:40 AM",No
SETUP.EXE-03E392C2.pf,6/16/2022 10:41:32 AM,6/16/2022 10:41:32 AM,"17,179",SETUP.EXE,C:\Temp\REMOTEOPVIEW-V230\Setup.exe,1,6/16/2022 10:41:27 AM,No
SETUP.EXE-1BBB52BE.pf,6/15/2022 8:45:40 AM,6/15/2022 8:45:40 AM,"18,306",SETUP.EXE,C:\USERS\NPMOYERA\APPDATA\LOCAL\TEMP\7Z421AA1D8\SETUP.EXE,1,6/15/2022 8:45:30 AM,Yes
SHELLEXPERIENCEHOST.EXE-11794028.pf,6/14/2022 4:36:13 PM,7/22/2022 8:01:59 AM,"41,414",SHELLEXPERIENCEHOST.EXE,C:\Windows\SYSTEMAPPS\SHELLEXPERIENCEHOST_CW5N1H2TXYEWY\SHELLEXPERIENCEHOST.EXE,24,"7/22/2022 8:01:49 AM, 7/21/2022 10:34:25 AM, 7/15/2022 8:03:04 AM, 7/13/2022 3:28:43 PM, 7/13/2022 8:09:59 AM, 7/12/2022 8:31:57 AM, 7/11/2022 8:06:36 AM, 7/7/2022 1:18:51 PM",No
SHOWMSG.EXE-302BDB9A.pf,6/15/2022 8:46:10 AM,7/22/2022 8:03:11 AM,"8,675",SHOWMSG.EXE,C:\Windows\System32\ShowMsg.exe,34,"7/22/2022 8:03:01 AM, 7/21/2022 10:35:51 AM, 7/21/2022 8:07:29 AM, 7/20/2022 9:12:31 AM, 7/19/2022 8:00:05 AM, 7/18/2022 8:59:13 AM, 7/18/2022 8:02:00 AM, 7/15/2022 8:05:03 AM",No
SIHOST.EXE-F66A4D44.pf,6/15/2022 8:44:14 AM,7/14/2022 8:00:32 AM,"19,730",SIHOST.EXE,C:\Windows\System32\sihost.exe,7,"7/14/2022 8:00:22 AM, 7/12/2022 8:29:58 AM, 7/5/2022 4:26:58 PM, 6/24/2022 8:45:59 AM, 6/24/2022 6:58:14 AM, 6/21/2022 8:24:23 AM, 6/15/2022 8:44:04 AM",No
SMARTSCREEN.EXE-3A39E32D.pf,7/22/2022 8:44:48 AM,7/22/2022 10:29:39 AM,"15,282",SMARTSCREEN.EXE,C:\Windows\System32\SMARTSCREEN.EXE,5,"7/22/2022 10:29:29 AM, 7/22/2022 10:23:15 AM, 7/22/2022 9:36:10 AM, 7/22/2022 9:22:20 AM, 7/22/2022 8:44:38 AM",No
SNDVOL.EXE-276AC160.pf,6/27/2022 10:57:24 AM,7/20/2022 8:34:55 AM,"15,371",SNDVOL.EXE,C:\Windows\System32\SndVol.exe,4,"7/20/2022 8:34:55 AM, 7/19/2022 10:47:57 AM, 6/28/2022 10:36:19 AM, 6/27/2022 10:57:14 AM",No
SNIPPINGTOOL.EXE-74818B88.pf,6/15/2022 1:30:54 PM,7/21/2022 2:40:02 PM,"17,637",SNIPPINGTOOL.EXE,C:\Windows\System32\SNIPPINGTOOL.EXE,25,"7/21/2022 2:39:52 PM, 7/20/2022 2:27:14 PM, 7/20/2022 11:46:59 AM, 7/19/2022 1:28:09 PM, 7/14/2022 8:45:15 AM, 7/13/2022 4:47:22 PM, 7/13/2022 1:21:51 PM, 7/12/2022 10:17:34 AM",No
SP135945.EXE-43F738FE.pf,6/21/2022 5:11:56 PM,6/21/2022 5:11:56 PM,"33,789",SP135945.EXE,C:\Users\npmoyer\DOWNLOADS\sp135945.exe,1,6/21/2022 5:11:51 PM,No
SP138337 (1).EXE-C2CD5A36.pf,7/13/2022 12:09:00 PM,7/13/2022 12:09:00 PM,"9,017",SP138337 (1).EXE,C:\Users\npmoyer\DOWNLOADS\SP138337 (1).EXE,1,7/13/2022 12:08:52 PM,No
SPPSVC.EXE-7B160CA5.pf,7/21/2022 11:19:10 AM,7/22/2022 10:05:02 AM,"7,512",SPPSVC.EXE,C:\Windows\System32\sppsvc.exe,3,"7/22/2022 10:04:52 AM, 7/22/2022 8:44:39 AM, 7/22/2022 8:33:48 AM",No
SSMS.EXE-7CCAB632.pf,6/15/2022 8:56:27 AM,7/13/2022 10:32:13 AM,"92,688",SSMS.EXE,C:\PROGRAM FILES (X86)\MICROSOFT SQL SERVER MANAGEMENT STUDIO 18\Common7\IDE\Ssms.exe,14,"7/13/2022 10:32:02 AM, 7/11/2022 4:44:41 PM, 7/7/2022 9:16:31 AM, 6/24/2022 8:05:18 AM, 6/23/2022 3:46:38 PM, 6/21/2022 4:30:00 PM, 6/21/2022 3:08:29 PM, 6/17/2022 1:31:48 PM",No
STANDARDCOLLECTOR.SERVICE.EXE-1A2DCA1C.pf,7/22/2022 10:27:56 AM,7/22/2022 10:33:40 AM,"11,381",STANDARDCOLLECTOR.SERVICE.EXE,C:\PROGRAM FILES (X86)\MICROSOFT VISUAL STUDIO\Shared\Common\DIAGNOSTICSHUB.COLLECTION.SERVICE\STANDARDCOLLECTOR.SERVICE.EXE,5,"7/22/2022 10:33:39 AM, 7/22/2022 10:32:48 AM, 7/22/2022 10:30:50 AM, 7/22/2022 10:29:45 AM, 7/22/2022 10:27:46 AM",No
STARTMENUEXPERIENCEHOST.EXE-E6A3FE66.pf,6/14/2022 4:34:52 PM,7/22/2022 8:00:46 AM,"47,455",STARTMENUEXPERIENCEHOST.EXE,C:\Windows\SYSTEMAPPS\MICROSOFT.WINDOWS.STARTMENUEXPERIENCEHOST_CW5N1H2TXYEWY\STARTMENUEXPERIENCEHOST.EXE,27,"7/22/2022 8:00:36 AM, 7/21/2022 8:04:50 AM, 7/20/2022 9:12:04 AM, 7/18/2022 8:56:50 AM, 7/18/2022 7:59:25 AM, 7/15/2022 8:02:36 AM, 7/15/2022 7:56:40 AM, 7/13/2022 3:12:39 PM",No
STARTRINITY.CONTINUOUSSPEEDTE-147EB0F2.pf,7/5/2022 1:35:11 PM,7/5/2022 1:35:11 PM,"42,358",STARTRINITY.CONTINUOUSSPEEDTEST.EXE,C:\PROGRAM FILES\STARTRINITY CST\STARTRINITY.CONTINUOUSSPEEDTEST.EXE,1,7/5/2022 1:35:01 PM,No
STARTRINITY.INSTALLER.EXE-455D613D.pf,7/5/2022 1:34:15 PM,7/5/2022 1:34:30 PM,"38,460",STARTRINITY.INSTALLER.EXE,C:\Temp\STAR TRINITY CONTINUOUS SPEED TEST\STARTRINITY.INSTALLER.EXE,2,"7/5/2022 1:34:20 PM, 7/5/2022 1:34:05 PM",No
SVCHOST.EXE-09EC5BA0.pf,7/22/2022 9:34:58 AM,7/22/2022 9:34:58 AM,"5,807",SVCHOST.EXE,C:\Windows\System32\svchost.exe,1,7/22/2022 9:34:48 AM,No
SVCHOST.EXE-13513D0B.pf,7/22/2022 9:34:58 AM,7/22/2022 9:34:58 AM,"5,127",SVCHOST.EXE,C:\Windows\System32\svchost.exe,1,7/22/2022 9:34:48 AM,No
SVCHOST.EXE-2A1DD903.pf,7/21/2022 9:50:02 AM,7/22/2022 10:29:44 AM,"7,233",SVCHOST.EXE,C:\Windows\System32\svchost.exe,4,"7/22/2022 10:29:34 AM, 7/22/2022 9:57:59 AM, 7/22/2022 9:34:48 AM, 7/22/2022 8:33:49 AM",No
SVCHOST.EXE-2A6F3879.pf,7/22/2022 9:22:31 AM,7/22/2022 9:22:31 AM,"5,195",SVCHOST.EXE,C:\Windows\System32\svchost.exe,1,7/22/2022 9:22:21 AM,No
SVCHOST.EXE-2A860319.pf,7/22/2022 8:44:59 AM,7/22/2022 8:44:59 AM,"4,075",SVCHOST.EXE,C:\Windows\System32\svchost.exe,1,7/22/2022 8:44:49 AM,No
SVCHOST.EXE-46FACB76.pf,7/22/2022 8:34:30 AM,7/22/2022 8:34:30 AM,"8,683",SVCHOST.EXE,C:\Windows\System32\svchost.exe,1,7/22/2022 8:34:20 AM,No
SVCHOST.EXE-4CAD656A.pf,7/22/2022 8:46:37 AM,7/22/2022 8:46:37 AM,"7,705",SVCHOST.EXE,C:\Windows\System32\svchost.exe,1,7/22/2022 8:46:27 AM,No
SVCHOST.EXE-60F5DE2F.pf,7/22/2022 8:35:44 AM,7/22/2022 10:32:21 AM,"4,075",SVCHOST.EXE,C:\Windows\System32\svchost.exe,12,"7/22/2022 10:32:11 AM, 7/22/2022 10:23:33 AM, 7/22/2022 9:51:29 AM, 7/22/2022 9:45:48 AM, 7/22/2022 9:35:37 AM, 7/22/2022 9:24:09 AM, 7/22/2022 9:07:18 AM, 7/22/2022 8:58:49 AM",No
SVCHOST.EXE-72547F04.pf,7/22/2022 9:35:47 AM,7/22/2022 10:09:19 AM,"7,490",SVCHOST.EXE,C:\Windows\System32\svchost.exe,3,"7/22/2022 10:09:09 AM, 7/22/2022 9:51:29 AM, 7/22/2022 9:35:37 AM",No
SVCHOST.EXE-7A0C4A3D.pf,7/22/2022 9:22:31 AM,7/22/2022 9:22:31 AM,"12,019",SVCHOST.EXE,C:\Windows\System32\svchost.exe,1,7/22/2022 9:22:21 AM,No
SVCHOST.EXE-AB62BD9E.pf,7/22/2022 10:03:30 AM,7/22/2022 10:03:30 AM,"3,516",SVCHOST.EXE,C:\Windows\System32\svchost.exe,1,7/22/2022 10:03:20 AM,No
SVCHOST.EXE-B34B6FD4.pf,7/22/2022 9:01:48 AM,7/22/2022 10:31:21 AM,"9,672",SVCHOST.EXE,C:\Windows\System32\svchost.exe,4,"7/22/2022 10:31:11 AM, 7/22/2022 10:16:42 AM, 7/22/2022 9:05:51 AM, 7/22/2022 9:01:38 AM",No
SVCHOST.EXE-B3BBCD8C.pf,7/21/2022 10:04:00 AM,7/22/2022 10:26:52 AM,"4,998",SVCHOST.EXE,C:\Windows\System32\svchost.exe,4,"7/22/2022 10:26:42 AM, 7/22/2022 10:02:39 AM, 7/22/2022 9:20:00 AM, 7/22/2022 8:33:49 AM",No
SVCHOST.EXE-B5AFE3B8.pf,7/22/2022 8:43:53 AM,7/22/2022 8:43:53 AM,"5,432",SVCHOST.EXE,C:\Windows\System32\svchost.exe,1,7/22/2022 8:43:43 AM,No
SVCHOST.EXE-C5EEC15E.pf,7/22/2022 8:44:49 AM,7/22/2022 10:27:57 AM,"3,233",SVCHOST.EXE,C:\Windows\System32\svchost.exe,2,"7/22/2022 10:27:47 AM, 7/22/2022 8:44:39 AM",No
SVCHOST.EXE-E6789326.pf,7/22/2022 8:44:48 AM,7/22/2022 10:07:01 AM,"9,437",SVCHOST.EXE,C:\Windows\System32\svchost.exe,3,"7/22/2022 10:06:51 AM, 7/22/2022 9:16:25 AM, 7/22/2022 8:44:38 AM",No
SVCHOST.EXE-E75DDD99.pf,7/22/2022 10:00:43 AM,7/22/2022 10:00:43 AM,"5,008",SVCHOST.EXE,C:\Windows\System32\svchost.exe,1,7/22/2022 10:00:33 AM,No
SVCHOST.EXE-FEA1FDBE.pf,7/22/2022 10:30:12 AM,7/22/2022 10:30:12 AM,"3,368",SVCHOST.EXE,C:\Windows\System32\svchost.exe,1,7/22/2022 10:30:02 AM,No
SVCHOST.EXE-FF4C268B.pf,7/21/2022 11:22:20 AM,7/22/2022 10:26:49 AM,"5,760",SVCHOST.EXE,C:\Windows\System32\svchost.exe,5,"7/22/2022 10:26:39 AM, 7/22/2022 10:02:00 AM, 7/22/2022 9:20:00 AM, 7/22/2022 8:37:49 AM, 7/22/2022 8:33:49 AM",No
SYNTPENH.EXE-5560EC17.pf,6/21/2022 5:01:02 PM,7/22/2022 8:00:47 AM,"18,453",SYNTPENH.EXE,C:\Windows\System32\SynTPEnh.exe,25,"7/22/2022 8:00:37 AM, 7/22/2022 8:00:37 AM, 7/21/2022 11:06:27 PM, 7/21/2022 10:31:53 AM, 7/20/2022 5:00:28 PM, 7/20/2022 9:05:43 AM, 7/18/2022 8:55:32 AM, 7/15/2022 12:06:35 PM",No
SYSTEMSETTINGS.EXE-7A398F22.pf,6/15/2022 8:30:04 AM,7/13/2022 3:52:45 PM,"75,495",SYSTEMSETTINGS.EXE,C:\Windows\IMMERSIVECONTROLPANEL\SYSTEMSETTINGS.EXE,11,"7/13/2022 3:52:35 PM, 7/13/2022 12:07:04 PM, 6/22/2022 4:02:17 PM, 6/17/2022 8:43:13 AM, 6/16/2022 1:19:56 PM, 6/16/2022 1:19:33 PM, 6/15/2022 2:39:00 PM, 6/15/2022 10:58:00 AM",No
TASKHOSTW.EXE-1EAF2222.pf,7/21/2022 9:58:53 AM,7/22/2022 10:06:53 AM,"14,462",TASKHOSTW.EXE,C:\Windows\System32\TASKHOSTW.EXE,7,"7/22/2022 10:06:51 AM, 7/22/2022 10:00:33 AM, 7/22/2022 9:16:07 AM, 7/22/2022 9:16:07 AM, 7/22/2022 9:06:51 AM, 7/22/2022 9:06:51 AM, 7/22/2022 8:33:48 AM",No
TASKMGR.EXE-39AABA37.pf,6/17/2022 3:07:50 PM,7/21/2022 1:10:33 PM,"59,430",TASKMGR.EXE,C:\Windows\System32\Taskmgr.exe,12,"7/21/2022 1:10:23 PM, 7/21/2022 10:31:43 AM, 7/19/2022 1:24:44 PM, 7/7/2022 2:32:40 PM, 7/4/2022 8:53:54 PM, 7/4/2022 8:51:47 PM, 6/28/2022 10:06:57 AM, 6/27/2022 3:19:54 PM",No
TEAMS.EXE-7A47C5E0.pf,6/21/2022 8:24:58 AM,7/22/2022 8:01:07 AM,"83,266",TEAMS.EXE,C:\Users\npmoyer\AppData\Local\MICROSOFT\Teams\current\Teams.exe,33,"7/22/2022 8:00:53 AM, 7/21/2022 1:07:58 PM, 7/21/2022 8:05:18 AM, 7/21/2022 8:05:19 AM, 7/18/2022 8:57:20 AM, 7/18/2022 7:59:53 AM, 7/15/2022 8:03:11 AM, 7/15/2022 7:57:22 AM",No
TEAMS.EXE-7A47C5E1.pf,7/22/2022 8:34:11 AM,7/22/2022 10:28:57 AM,"7,227",TEAMS.EXE,C:\Users\npmoyer\AppData\Local\MICROSOFT\Teams\current\Teams.exe,31,"7/22/2022 10:28:47 AM, 7/22/2022 10:26:38 AM, 7/22/2022 10:24:38 AM, 7/22/2022 10:20:57 AM, 7/22/2022 10:18:16 AM, 7/22/2022 10:14:26 AM, 7/22/2022 10:05:15 AM, 7/22/2022 10:03:05 AM",No
TIWORKER.EXE-A54AAE46.pf,7/20/2022 9:31:56 AM,7/22/2022 10:00:43 AM,"18,807",TIWORKER.EXE,C:\Windows\WinSxS\AMD64_MICROSOFT-WINDOWS-SERVICINGSTACK_31BF3856AD364E35_10.0.19041.1737_NONE_7DEC0D8C7CA729DE\TiWorker.exe,4,"7/22/2022 10:00:33 AM, 7/22/2022 9:16:07 AM, 7/22/2022 9:06:51 AM, 7/22/2022 8:33:48 AM",No
TMOPEXTINS.EXE-3E8F80E4.pf,7/22/2022 10:03:32 AM,7/22/2022 10:03:52 AM,"4,655",TMOPEXTINS.EXE,C:\PROGRAM FILES (X86)\TREND MICRO\SECURITY AGENT\TMOPEXTINS.EXE,6,"7/22/2022 10:03:52 AM, 7/22/2022 10:03:52 AM, 7/22/2022 10:03:40 AM, 7/22/2022 10:03:40 AM, 7/22/2022 10:03:32 AM, 7/22/2022 10:03:32 AM",No
TMOPEXTINS32.EXE-6AB49EC5.pf,7/22/2022 10:03:32 AM,7/22/2022 10:03:52 AM,"4,529",TMOPEXTINS32.EXE,C:\PROGRAM FILES (X86)\TREND MICRO\SECURITY AGENT\TMOPEXTINS32.EXE,6,"7/22/2022 10:03:52 AM, 7/22/2022 10:03:52 AM, 7/22/2022 10:03:40 AM, 7/22/2022 10:03:40 AM, 7/22/2022 10:03:32 AM, 7/22/2022 10:03:32 AM",No
TRUSTEDINSTALLER.EXE-B018CCBF.pf,7/15/2022 11:58:55 AM,7/22/2022 10:00:43 AM,"4,233",TRUSTEDINSTALLER.EXE,C:\Windows\SERVICING\TRUSTEDINSTALLER.EXE,4,"7/22/2022 10:00:33 AM, 7/22/2022 9:16:07 AM, 7/22/2022 9:06:51 AM, 7/22/2022 8:33:48 AM",No
TSPROGRESSUI.EXE-8C6D7BF9.pf,6/21/2022 8:19:13 AM,6/21/2022 8:21:53 AM,"9,394",TSPROGRESSUI.EXE,C:\Windows\CCM\TSPROGRESSUI.EXE,3,"6/21/2022 8:21:53 AM, 6/21/2022 8:19:30 AM, 6/21/2022 8:19:13 AM",No
USBINST.EXE-4733314B.pf,6/23/2022 7:33:13 AM,7/13/2022 5:04:09 PM,"8,634",USBINST.EXE,C:\PROGRAM FILES (X86)\Citrix\ICA CLIENT\DRIVERS64\usbinst.exe,14,"7/13/2022 5:04:08 PM, 6/29/2022 4:55:00 PM, 6/27/2022 3:21:53 PM, 6/27/2022 3:19:04 PM, 6/23/2022 4:01:38 PM, 6/23/2022 4:01:36 PM, 6/23/2022 4:01:33 PM, 6/23/2022 7:35:42 AM",No
VBCSCOMPILER.EXE-E155503D.pf,7/22/2022 10:27:53 AM,7/22/2022 10:30:18 AM,"36,615",VBCSCOMPILER.EXE.CONFIG,C:\PROGRAM FILES\MICROSOFT VISUAL STUDIO\2022\COMMUNITY\Msbuild\Current\Bin\Roslyn\VBCSCOMPILER.EXE.CONFIG,2,"7/22/2022 10:30:08 AM, 7/22/2022 10:27:43 AM",No
VC_REDIST.X64.EXE-3410C874.pf,6/14/2022 4:57:25 PM,6/14/2022 4:57:25 PM,"11,569",VC_REDIST.X64.EXE,C:\WINDOWS\TEMP\{56906F9B-72D1-454C-BF6E-DA4D34603D2E}\.CR\VC_REDIST.X64.EXE,1,6/14/2022 4:57:24 PM,Yes
VC_REDIST.X64.EXE-F44D1A01.pf,7/20/2022 8:31:19 AM,7/20/2022 8:31:19 AM,"11,816",VC_REDIST.X64.EXE,C:\WINDOWS\TEMP\{6C82002B-0997-4C40-90E8-72D159642A03}\.CR\VC_REDIST.X64.EXE,1,7/20/2022 8:31:18 AM,Yes
VC_REDIST.X86.EXE-49C002A6.pf,7/20/2022 8:31:21 AM,7/20/2022 8:31:21 AM,"11,575",VC_REDIST.X86.EXE,C:\WINDOWS\TEMP\{2D4C4C27-9C2D-48D4-92A0-36CEACC9F6E1}\.CR\VC_REDIST.X86.EXE,1,7/20/2022 8:31:20 AM,Yes
VCCTLPAN.EXE-49254E9F.pf,6/28/2022 3:18:20 PM,7/8/2022 8:47:59 AM,"9,855",VCCTLPAN.EXE,C:\PROGRAM FILES\VIRTUAL AUDIO CABLE\vcctlpan.exe,3,"7/8/2022 8:47:49 AM, 7/8/2022 8:46:57 AM, 6/28/2022 3:18:10 PM",No
VCREDIST_X86.EXE-08DB58B3.pf,7/18/2022 8:05:59 AM,7/18/2022 8:05:59 AM,"11,775",VCREDIST_X86.EXE,C:\WINDOWS\TEMP\{EA0A1984-A74A-47B6-B2CB-3C48A46F6A0A}\.CR\VCREDIST_X86.EXE,1,7/18/2022 8:05:58 AM,Yes
VCREDIST_X86.EXE-4E252685.pf,6/15/2022 8:49:21 AM,6/15/2022 8:49:21 AM,"22,915",VCREDIST_X86.EXE,C:\PROGRAMDATA\PACKAGE CACHE\9689DEA254E6D1EAE45BD3C96582DA1A00FED1ED\2013\VCREDIST_X86.EXE,2,"6/15/2022 8:49:16 AM, 6/15/2022 8:49:15 AM",No
VENTOY2DISK.EXE-E5E73DA7.pf,7/7/2022 10:36:10 AM,7/7/2022 10:36:10 AM,"7,489",VENTOY2DISK.EXE,C:\Temp\VENTOY-1.0.70\VENTOY2DISK.EXE,1,7/7/2022 10:36:00 AM,No
VENTOYVLNK.EXE-0C1AE3B5.pf,7/7/2022 10:35:52 AM,7/7/2022 10:35:52 AM,"7,280",VENTOYVLNK.EXE,C:\Temp\VENTOY-1.0.70\VENTOYVLNK.EXE,1,7/7/2022 10:35:49 AM,No
VIEWER.EXE-99DDD6AA.pf,6/16/2022 10:42:07 AM,6/17/2022 10:36:31 AM,"20,895",VIEWER.EXE,C:\PROGRAM FILES (X86)\CANON REMOTE OPERATION VIEWER 2.3\viewer.exe,4,"6/17/2022 10:36:20 AM, 6/17/2022 10:34:39 AM, 6/16/2022 10:44:17 AM, 6/16/2022 10:41:57 AM",No
VISUALSTUDIOSETUP.EXE-0A5AE2A9.pf,6/15/2022 8:47:56 AM,6/15/2022 8:47:56 AM,"16,002",VISUALSTUDIOSETUP.EXE,C:\Users\npmoyer\DOWNLOADS\VISUALSTUDIOSETUP.EXE,1,6/15/2022 8:47:46 AM,No
VLC.EXE-46412408.pf,6/17/2022 10:37:16 AM,6/27/2022 1:15:18 PM,"28,801",VLC.EXE,C:\PROGRAM FILES\VideoLAN\VLC\vlc.exe,3,"6/27/2022 1:15:18 PM, 6/27/2022 10:48:05 AM, 6/17/2022 10:37:06 AM",No
VSCODEUSERSETUP-X64-1.68.0.TM-3762C37D.pf,6/15/2022 8:48:03 AM,6/15/2022 8:48:03 AM,"12,006",VSCODEUSERSETUP-X64-1.68.0.TMP,C:\USERS\NPMOYER\APPDATA\LOCAL\TEMP\IS-QGEON.TMP\VSCODEUSERSETUP-X64-1.68.0.TMP,1,6/15/2022 8:47:53 AM,Yes
VSLS-AGENT.EXE-13E23B17.pf,7/22/2022 10:26:37 AM,7/22/2022 10:26:37 AM,"21,955",VSLS-AGENT.EXE,C:\PROGRAM FILES\MICROSOFT VISUAL STUDIO\2022\COMMUNITY\Common7\IDE\EXTENSIONS\MICROSOFT\LIVESHARE\Agent\VSLS-AGENT.EXE,1,7/22/2022 10:26:27 AM,No
WEBVIEWHOST.EXE-B32296A5.pf,7/22/2022 10:29:38 AM,7/22/2022 10:29:38 AM,"34,304",WEBVIEWHOST.EXE,C:\PROGRAM FILES\MICROSOFT VISUAL STUDIO\2022\COMMUNITY\Common7\IDE\WEBVIEWHOST\WEBVIEWHOST.EXE,1,7/22/2022 10:29:28 AM,No
WERFAULT.EXE-44194444.pf,7/4/2022 8:53:32 PM,7/21/2022 11:06:28 PM,"61,673",WERFAULT.EXE,C:\Windows\System32\WerFault.exe,17,"7/21/2022 11:06:27 PM, 7/21/2022 1:07:38 PM, 7/20/2022 5:00:27 PM, 7/20/2022 9:05:43 AM, 7/15/2022 7:59:42 AM, 7/14/2022 4:29:26 PM, 7/13/2022 6:02:00 PM, 7/11/2022 6:45:35 PM",No
WFICA32.EXE-C5E17BB2.pf,7/14/2022 8:08:58 AM,7/14/2022 4:23:50 PM,"27,306",WFICA32.EXE,C:\PROGRAM FILES (X86)\Citrix\ICA CLIENT\wfica32.exe,2,"7/14/2022 4:23:39 PM, 7/14/2022 8:08:48 AM",No
WIN-G7000-1_1-N_MCD.EXE-62377569.pf,6/27/2022 1:31:56 PM,6/27/2022 1:31:56 PM,"10,384",WIN-G7000-1_1-N_MCD.EXE,C:\Users\npmoyer\DOWNLOADS\WIN-G7000-1_1-N_MCD.EXE,1,6/27/2022 1:31:46 PM,No
WINDOWSCAMERA.EXE-292AA6F8.pf,6/15/2022 8:35:05 AM,6/28/2022 10:38:56 AM,"70,275",WINDOWSCAMERA.EXE,C:\PROGRAM FILES\WINDOWSAPPS\MICROSOFT.WINDOWSCAMERA_2021.105.10.0_X64__8WEKYB3D8BBWE\WINDOWSCAMERA.EXE,2,"6/28/2022 10:38:45 AM, 6/15/2022 8:34:55 AM",No
WINDOWSINSTALLER-KB893803-X86-ACABC689.pf,7/18/2022 3:23:51 PM,7/18/2022 3:23:51 PM,"12,525",WINDOWSINSTALLER-KB893803-X86.EXE,C:\Temp\MAINSAVER\WTP\WINDOWSINSTALLER-KB893803-X86.EXE,1,7/18/2022 3:23:48 PM,No
WINPREFETCHVIEW.EXE-CA187492.pf,7/11/2022 5:24:56 PM,7/22/2022 10:29:31 AM,"22,031",WINPREFETCHVIEW.EXE,C:\Users\npmoyer\ONEDRIVE - CITY OF ANN ARBOR\DOCUMENTS\GitHub\RECENT-APP-SEARCH\FINDMOSTRECENTLYUSED APPS\FINDMOSTRECENTLYUSED APPS\bin\Debug\WINPREFETCHVIEW.EXE,27,"7/22/2022 10:29:29 AM, 7/15/2022 10:18:41 AM, 7/15/2022 10:14:46 AM, 7/15/2022 10:11:27 AM, 7/15/2022 10:03:15 AM, 7/15/2022 9:56:32 AM, 7/15/2022 9:54:21 AM, 7/15/2022 9:35:26 AM",No
WINPREFETCHVIEW.EXE-E980E943.pf,7/11/2022 2:20:50 PM,7/11/2022 2:20:50 PM,"34,383",WINPREFETCHVIEW.EXE,C:\Users\npmoyer\DOWNLOADS\WINPREFETCHVIEW-X64\WINPREFETCHVIEW.EXE,1,7/11/2022 2:20:40 PM,No
WINWORD.EXE-251EE417.pf,6/30/2022 1:45:48 PM,7/21/2022 2:14:52 PM,"98,267",WINWORD.EXE,C:\PROGRAM FILES\MICROSOFT OFFICE\root\Office16\WINWORD.EXE,12,"7/21/2022 2:14:48 PM, 7/21/2022 2:12:37 PM, 7/19/2022 2:01:43 PM, 7/19/2022 2:00:26 PM, 7/19/2022 10:43:10 AM, 7/19/2022 8:04:14 AM, 7/12/2022 5:17:44 PM, 7/8/2022 3:07:06 PM",No
WLRMDR.EXE-8CD26CA2.pf,7/1/2022 2:00:07 AM,7/21/2022 10:34:19 AM,"4,999",WLRMDR.EXE,C:\Windows\System32\wlrmdr.exe,17,"7/21/2022 10:34:19 AM, 7/21/2022 8:05:18 AM, 7/20/2022 9:10:19 AM, 7/18/2022 8:57:16 AM, 7/18/2022 7:59:52 AM, 7/14/2022 8:00:53 AM, 7/13/2022 3:13:02 PM, 7/12/2022 5:09:30 PM",No
WMIPRVSE.EXE-BB49B536.pf,7/22/2022 8:34:53 AM,7/22/2022 10:31:12 AM,"18,996",WMIPRVSE.EXE,C:\Windows\System32\wbem\WmiPrvSE.exe,16,"7/22/2022 10:31:02 AM, 7/22/2022 10:31:02 AM, 7/22/2022 10:16:02 AM, 7/22/2022 10:01:02 AM, 7/22/2022 9:45:58 AM, 7/22/2022 9:31:02 AM, 7/22/2022 9:20:50 AM, 7/22/2022 9:20:49 AM",No
WOW.EXE-D2498F44.pf,6/16/2022 10:53:39 AM,7/22/2022 9:22:30 AM,"49,392",WOW.EXE,C:\Temp\wow.exe,16,"7/22/2022 9:22:20 AM, 7/21/2022 3:17:47 PM, 7/21/2022 8:21:35 AM, 7/20/2022 9:42:04 AM, 7/18/2022 12:18:07 PM, 7/8/2022 9:21:32 AM, 7/6/2022 11:17:39 AM, 7/6/2022 8:16:14 AM",No
ZOOM.EXE-561ABD73.pf,6/21/2022 6:11:39 PM,7/5/2022 10:47:38 AM,"77,416",ZOOM.EXE,C:\PROGRAM FILES\Zoom\bin\Zoom.exe,6,"7/5/2022 10:47:38 AM, 7/5/2022 10:46:21 AM, 7/5/2022 10:46:15 AM, 6/21/2022 7:13:00 PM, 6/21/2022 6:11:40 PM, 6/21/2022 6:11:38 PM",No
