ACROBAT.EXE-1771D4E1.pf,6/16/2022 3:18:43 PM,7/11/2022 1:52:07 PM,"69,609",ACROBAT.EXE,C:\PROGRAM FILES (X86)\Adobe\ACROBAT DC\Acrobat\Acrobat.exe,4,"7/11/2022 1:52:04 PM, 6/28/2022 1:32:25 PM, 6/16/2022 3:19:11 PM, 6/16/2022 3:18:36 PM",No
ADMPWD.UI.EXE-7785BBB5.pf,7/14/2022 8:39:39 AM,7/14/2022 8:39:39 AM,"18,026",ADMPWD.UI.EXE,C:\PROGRAM FILES\LAPS\ADMPWD.UI.EXE,1,7/14/2022 8:39:29 AM,No
AGENTEXECUTOR.EXE-59FAEA80.pf,7/14/2022 1:15:58 PM,7/14/2022 3:58:58 PM,"14,948",AGENTEXECUTOR.EXE,C:\PROGRAM FILES (X86)\MICROSOFT INTUNE MANAGEMENT EXTENSION\AGENTEXECUTOR.EXE,4,"7/14/2022 3:58:57 PM, 7/14/2022 3:58:55 PM, 7/14/2022 1:16:00 PM, 7/14/2022 1:15:56 PM",No
AGMSERVICE.EXE-120484C8.pf,7/14/2022 12:20:04 PM,7/14/2022 12:20:04 PM,"5,052",AGMSERVICE.EXE,C:\PROGRAM FILES (X86)\COMMON FILES\Adobe\ADOBEGCCLIENT\AGMSERVICE.EXE,1,7/14/2022 12:20:04 PM,No
AGSSERVICE.EXE-52BA2B96.pf,7/14/2022 2:17:49 PM,7/14/2022 2:17:51 PM,"4,888",AGSSERVICE.EXE,C:\PROGRAM FILES (X86)\COMMON FILES\Adobe\ADOBEGCCLIENT\AGSSERVICE.EXE,5,"7/14/2022 2:17:50 PM, 7/14/2022 2:17:50 PM, 7/14/2022 2:17:50 PM, 7/14/2022 2:17:50 PM, 7/14/2022 2:17:49 PM",No
AUDIODG.EXE-9848A323.pf,7/14/2022 8:34:12 AM,7/14/2022 6:28:03 PM,"10,581",AUDIODG.EXE,C:\Windows\System32\audiodg.exe,20,"7/14/2022 6:27:53 PM, 7/14/2022 5:20:00 PM, 7/14/2022 4:59:44 PM, 7/14/2022 4:46:43 PM, 7/14/2022 4:40:25 PM, 7/14/2022 4:24:44 PM, 7/14/2022 4:17:56 PM, 7/14/2022 3:56:24 PM",No
AUTHMANSVR.EXE-01DB6BF4.pf,6/23/2022 7:36:34 AM,7/14/2022 8:06:17 AM,"15,175",AUTHMANSVR.EXE,C:\PROGRAM FILES (X86)\Citrix\ICA CLIENT\AUTHMANAGER\AUTHMANSVR.EXE,36,"7/14/2022 8:06:07 AM, 7/14/2022 8:06:07 AM, 7/13/2022 3:18:56 PM, 7/13/2022 3:18:56 PM, 7/13/2022 8:08:58 AM, 7/13/2022 8:08:58 AM, 7/12/2022 5:14:43 PM, 7/12/2022 5:14:43 PM",No
BACKGROUNDTASKHOST.EXE-62B44B82.pf,7/14/2022 8:39:28 AM,7/14/2022 6:35:22 PM,"20,313",BACKGROUNDTASKHOST.EXE,C:\Windows\System32\BACKGROUNDTASKHOST.EXE,80,"7/14/2022 6:35:21 PM, 7/14/2022 6:31:49 PM, 7/14/2022 6:27:15 PM, 7/14/2022 6:21:00 PM, 7/14/2022 6:04:44 PM, 7/14/2022 5:58:01 PM, 7/14/2022 5:54:49 PM, 7/14/2022 5:36:39 PM",No
BRIDGECOMMUNICATION.EXE-AA45396D.pf,7/14/2022 8:30:27 AM,7/14/2022 9:00:39 AM,"17,200",BRIDGECOMMUNICATION.EXE,C:\Windows\System32\DRIVERSTORE\FILEREPOSITORY\HPCUSTOMCAPCOMP.INF_AMD64_02EA01A452126FAA\x64\BRIDGECOMMUNICATION.EXE,8,"7/14/2022 9:00:29 AM, 7/14/2022 9:00:29 AM, 7/14/2022 8:50:29 AM, 7/14/2022 8:50:28 AM, 7/14/2022 8:40:28 AM, 7/14/2022 8:40:28 AM, 7/14/2022 8:30:27 AM, 7/14/2022 8:30:27 AM",No
CHROME.EXE-039F1FC9.pf,6/15/2022 8:22:44 AM,7/14/2022 3:59:46 PM,"68,837",CHROME.EXE,C:\PROGRAM FILES\Google\Chrome\APPLICATION\chrome.exe,54,"7/14/2022 3:59:46 PM, 7/14/2022 10:26:16 AM, 7/13/2022 3:27:39 PM, 7/13/2022 11:41:44 AM, 7/13/2022 8:03:17 AM, 7/12/2022 5:10:31 PM, 7/12/2022 10:24:31 AM, 7/11/2022 12:19:47 PM",No
CHROME.EXE-039F1FCA.pf,7/14/2022 8:43:44 AM,7/14/2022 4:57:29 PM,"25,557",CHROME.EXE,C:\PROGRAM FILES\Google\Chrome\APPLICATION\chrome.exe,27,"7/14/2022 4:57:19 PM, 7/14/2022 4:57:17 PM, 7/14/2022 4:57:19 PM, 7/14/2022 4:10:31 PM, 7/14/2022 3:59:50 PM, 7/14/2022 3:59:49 PM, 7/14/2022 3:59:46 PM, 7/14/2022 3:45:57 PM",No
CHROME.EXE-039F1FD0.pf,7/14/2022 10:26:16 AM,7/14/2022 3:59:46 PM,"5,698",CHROME.EXE,C:\PROGRAM FILES\Google\Chrome\APPLICATION\chrome.exe,2,"7/14/2022 3:59:46 PM, 7/14/2022 10:26:16 AM",No
CHROME.EXE-039F1FD1.pf,7/14/2022 8:35:07 AM,7/14/2022 6:35:12 PM,"12,329",CHROME.EXE,C:\PROGRAM FILES\Google\Chrome\APPLICATION\chrome.exe,25,"7/14/2022 6:35:12 PM, 7/14/2022 6:05:12 PM, 7/14/2022 5:35:11 PM, 7/14/2022 5:05:11 PM, 7/14/2022 4:35:11 PM, 7/14/2022 4:05:11 PM, 7/14/2022 3:35:10 PM, 7/14/2022 3:05:10 PM",No
CHXSMARTSCREEN.EXE-9DF92DA5.pf,7/7/2022 10:35:39 AM,7/7/2022 10:35:39 AM,"33,360",CHXSMARTSCREEN.EXE,C:\Windows\SYSTEMAPPS\MICROSOFT.WINDOWS.APPREP.CHXAPP_CW5N1H2TXYEWY\CHXSMARTSCREEN.EXE,1,7/7/2022 10:35:31 AM,No
CITRIXFILES.EXE-A23CA947.pf,6/15/2022 4:09:20 PM,6/21/2022 7:59:39 AM,"100,724",CITRIXFILES.EXE,C:\PROGRAM FILES\CITRIX\CITRIX FILES\CITRIXFILES.EXE,5,"6/21/2022 7:59:28 AM, 6/17/2022 8:03:15 AM, 6/16/2022 9:18:10 AM, 6/16/2022 9:18:02 AM, 6/15/2022 4:09:10 PM",Yes
CITRIXFILESFORWINDOWS-V22.5.2-2433C494.pf,6/15/2022 4:08:44 PM,6/15/2022 4:08:44 PM,"12,013",CITRIXFILESFORWINDOWS-V22.5.24.0(1).EXE,C:\USERS\NPMOYER\APPDATA\LOCAL\TEMP\{9521CBA2-9504-42FA-AB86-0D23349E4667}\.CR\CITRIXFILESFORWINDOWS-V22.5.24.0(1).EXE,1,6/15/2022 4:08:34 PM,Yes
CITRIXFILESFORWINDOWS.EXE-AC892991.pf,6/15/2022 4:08:57 PM,6/15/2022 4:08:57 PM,"10,921",CITRIXFILESFORWINDOWS.EXE,C:\USERS\NPMOYER\APPDATA\LOCAL\TEMP\{0879A164-7008-466E-B03A-B904EC33F208}\.BE\CITRIXFILESFORWINDOWS.EXE,1,6/15/2022 4:08:47 PM,Yes
CITRIXFILESFORWINDOWS.EXE-AD0E7F8D.pf,6/21/2022 8:08:23 AM,6/21/2022 8:08:30 AM,"15,096",CITRIXFILESFORWINDOWS.EXE,C:\PROGRAMDATA\PACKAGE CACHE\{AC4FE1F3-F6C7-46C5-99B6-9FA2916B45F8}\CITRIXFILESFORWINDOWS.EXE,3,"6/21/2022 8:08:20 AM, 6/21/2022 8:08:14 AM, 6/21/2022 8:08:13 AM",Yes
CMD.EXE-2EB3E6E2.pf,7/14/2022 4:48:47 PM,7/14/2022 6:34:52 PM,"4,556",CMD.EXE,C:\Windows\SysWOW64\cmd.exe,13,"7/14/2022 6:34:50 PM, 7/14/2022 6:29:54 PM, 7/14/2022 6:15:25 PM, 7/14/2022 6:05:26 PM, 7/14/2022 6:02:36 PM, 7/14/2022 5:57:57 PM, 7/14/2022 5:55:18 PM, 7/14/2022 5:52:05 PM",No
CMD.EXE-CD245F9E.pf,7/14/2022 8:42:32 AM,7/14/2022 5:51:46 PM,"5,996",CMD.EXE,C:\Windows\System32\cmd.exe,5,"7/14/2022 5:51:45 PM, 7/14/2022 5:51:44 PM, 7/14/2022 4:31:38 PM, 7/14/2022 4:31:38 PM, 7/14/2022 8:42:22 AM",No
CMRCVIEWER.EXE-CD932F58.pf,6/15/2022 1:20:58 PM,7/14/2022 1:14:42 PM,"31,588",CMRCVIEWER.EXE,C:\PROGRAM FILES (X86)\CONFIGMGR CONSOLE\bin\i386\CMRCVIEWER.EXE,81,"7/14/2022 1:14:32 PM, 7/14/2022 1:12:02 PM, 7/14/2022 10:00:17 AM, 7/14/2022 8:41:49 AM, 7/13/2022 5:55:46 PM, 7/13/2022 5:29:06 PM, 7/13/2022 1:56:31 PM, 7/13/2022 12:49:49 PM",No
CODE.EXE-6A10A75B.pf,6/17/2022 8:31:27 AM,7/14/2022 6:30:23 PM,"19,379",CODE.EXE,C:\Users\npmoyer\AppData\Local\Programs\MICROSOFT VS CODE\Code.exe,43,"7/14/2022 6:30:22 PM, 7/14/2022 6:21:46 PM, 7/14/2022 6:02:44 PM, 7/14/2022 5:57:49 PM, 7/14/2022 5:55:32 PM, 7/14/2022 5:53:08 PM, 7/14/2022 4:34:16 PM, 7/14/2022 4:31:28 PM",No
CODE.EXE-6A10A75C.pf,7/14/2022 4:31:30 PM,7/14/2022 5:50:13 PM,"24,459",CODE.EXE,C:\Users\npmoyer\AppData\Local\Programs\MICROSOFT VS CODE\Code.exe,4,"7/14/2022 5:50:03 PM, 7/14/2022 4:31:32 PM, 7/14/2022 4:31:27 PM, 7/14/2022 4:31:16 PM",No
CODE.EXE-6A10A75D.pf,7/14/2022 4:31:30 PM,7/14/2022 6:30:23 PM,"17,490",CODE.EXE,C:\Users\npmoyer\AppData\Local\Programs\MICROSOFT VS CODE\Code.exe,10,"7/14/2022 6:30:23 PM, 7/14/2022 6:21:46 PM, 7/14/2022 6:02:44 PM, 7/14/2022 5:58:07 PM, 7/14/2022 5:57:50 PM, 7/14/2022 5:55:33 PM, 7/14/2022 5:53:08 PM, 7/14/2022 4:34:16 PM",No
CODE.EXE-6A10A762.pf,7/14/2022 4:31:30 PM,7/14/2022 6:31:41 PM,"7,752",CODE.EXE,C:\Users\npmoyer\AppData\Local\Programs\MICROSOFT VS CODE\Code.exe,10,"7/14/2022 6:31:40 PM, 7/14/2022 6:30:22 PM, 7/14/2022 6:21:46 PM, 7/14/2022 6:02:44 PM, 7/14/2022 5:58:07 PM, 7/14/2022 5:57:49 PM, 7/14/2022 5:55:32 PM, 7/14/2022 5:53:08 PM",No
CODE.EXE-6A10A763.pf,7/14/2022 4:31:30 PM,7/14/2022 6:31:41 PM,"9,621",CODE.EXE,C:\Users\npmoyer\AppData\Local\Programs\MICROSOFT VS CODE\Code.exe,3,"7/14/2022 6:31:41 PM, 7/14/2022 6:02:45 PM, 7/14/2022 4:31:16 PM",No
CODESETUP-STABLE-92D25E35D9BF-4C96BBA3.pf,7/11/2022 8:06:44 AM,7/11/2022 8:06:44 AM,"42,726",CODESETUP-STABLE-92D25E35D9BF1A6B16F7D0758F25D48ACE11E5B9.TMP,C:\Users\npmoyer\AppData\Local\Temp\is-1G8K4.tmp\CODESETUP-STABLE-92D25E35D9BF1A6B16F7D0758F25D48ACE11E5B9.TMP,1,7/11/2022 8:06:41 AM,No
CODESETUP-STABLE-B06AE3B2D2DB-E80A15EA.pf,7/12/2022 5:47:51 PM,7/12/2022 5:47:51 PM,"12,155",CODESETUP-STABLE-B06AE3B2D2DBFE28BCA3134CC6BE65935CDFEA6A.TMP,C:\USERS\NPMOYER\APPDATA\LOCAL\TEMP\IS-1K7T6.TMP\CODESETUP-STABLE-B06AE3B2D2DBFE28BCA3134CC6BE65935CDFEA6A.TMP,1,7/12/2022 5:47:42 PM,Yes
COMPPKGSRV.EXE-6D25F3E6.pf,7/14/2022 4:30:23 PM,7/14/2022 6:37:08 PM,"5,357",COMPPKGSRV.EXE,C:\Windows\System32\COMPPKGSRV.EXE,8,"7/14/2022 6:37:08 PM, 7/14/2022 6:36:04 PM, 7/14/2022 6:32:33 PM, 7/14/2022 6:31:29 PM, 7/14/2022 5:52:06 PM, 7/14/2022 4:32:48 PM, 7/14/2022 4:31:16 PM, 7/14/2022 4:30:23 PM",No
CONHOST.EXE-F98A1078.pf,7/14/2022 8:23:20 AM,7/14/2022 6:28:57 PM,"5,667",CONHOST.EXE,C:\Windows\System32\conhost.exe,164,"7/14/2022 6:28:57 PM, 7/14/2022 6:24:08 PM, 7/14/2022 6:21:02 PM, 7/14/2022 6:17:48 PM, 7/14/2022 6:14:21 PM, 7/14/2022 6:11:59 PM, 7/14/2022 6:08:51 PM, 7/14/2022 5:57:52 PM",No
CONSENT.EXE-2D674CE4.pf,6/14/2022 4:54:05 PM,7/14/2022 4:48:00 PM,"64,076",CONSENT.EXE,C:\Windows\System32\consent.exe,84,"7/14/2022 4:47:55 PM, 7/14/2022 4:40:25 PM, 7/14/2022 8:15:17 AM, 7/13/2022 6:03:07 PM, 7/13/2022 4:39:28 PM, 7/13/2022 12:08:45 PM, 7/13/2022 8:10:02 AM, 7/13/2022 8:03:04 AM",No
CREDENTIALUIBROKER.EXE-E9F92FD0.pf,6/14/2022 4:49:18 PM,7/14/2022 4:39:03 PM,"39,933",CREDENTIALUIBROKER.EXE,C:\Windows\System32\CREDENTIALUIBROKER.EXE,74,"7/14/2022 4:38:57 PM, 7/14/2022 2:03:09 PM, 7/14/2022 1:15:01 PM, 7/13/2022 4:44:21 PM, 7/13/2022 4:40:37 PM, 7/13/2022 2:02:05 PM, 7/13/2022 1:57:16 PM, 7/13/2022 1:23:58 PM",No
CSCRIPT.EXE-E9FF6526.pf,7/14/2022 6:30:26 PM,7/14/2022 6:30:26 PM,"7,798",CSCRIPT.EXE,C:\Windows\SysWOW64\cscript.exe,1,7/14/2022 6:30:21 PM,No
CWAFEATUREFLAGUPDATER.EXE-578CB09F.pf,7/14/2022 10:01:07 AM,7/14/2022 10:01:07 AM,"21,377",CWAFEATUREFLAGUPDATER.EXE,C:\PROGRAM FILES (X86)\Citrix\ICA CLIENT\Receiver\FEATUREFLAG\CWAFEATUREFLAGUPDATER.EXE,1,7/14/2022 10:01:06 AM,No
DEVENV.EXE-F5882693.pf,6/17/2022 2:22:43 PM,7/14/2022 4:48:01 PM,"97,864",DEVENV.EXE,C:\PROGRAM FILES\MICROSOFT VISUAL STUDIO\2022\COMMUNITY\Common7\IDE\devenv.exe,16,"7/14/2022 4:48:00 PM, 7/14/2022 4:30:58 PM, 7/12/2022 5:47:34 PM, 7/12/2022 9:16:19 AM, 7/11/2022 2:46:50 PM, 7/11/2022 9:32:05 AM, 7/11/2022 8:36:32 AM, 7/11/2022 8:36:01 AM",No
DISMHOST.EXE-60ACA461.pf,7/14/2022 6:31:08 PM,7/14/2022 6:31:08 PM,"8,617",DISMHOST.EXE,C:\WINDOWS\TEMP\B00593A3-6F48-4F63-A6E6-855F4A944F66\DISMHOST.EXE,1,7/14/2022 6:31:07 PM,Yes
DLLHOST.EXE-427FF748.pf,7/14/2022 4:24:15 PM,7/14/2022 4:24:15 PM,"7,143",DLLHOST.EXE,C:\Windows\System32\dllhost.exe,1,7/14/2022 4:24:05 PM,No
DLLHOST.EXE-5C8817D4.pf,7/14/2022 9:38:06 AM,7/14/2022 3:42:16 PM,"4,751",DLLHOST.EXE,C:\Windows\System32\dllhost.exe,6,"7/14/2022 3:42:11 PM, 7/14/2022 3:15:41 PM, 7/14/2022 1:02:17 PM, 7/14/2022 11:43:13 AM, 7/14/2022 9:40:43 AM, 7/14/2022 9:38:01 AM",No
DLLHOST.EXE-6A829A47.pf,7/14/2022 8:39:33 AM,7/14/2022 6:31:38 PM,"3,769",DLLHOST.EXE,C:\Windows\System32\dllhost.exe,34,"7/14/2022 6:31:30 PM, 7/14/2022 6:15:24 PM, 7/14/2022 6:05:27 PM, 7/14/2022 5:58:02 PM, 7/14/2022 5:55:23 PM, 7/14/2022 5:50:58 PM, 7/14/2022 5:47:30 PM, 7/14/2022 5:41:30 PM",No
DLLHOST.EXE-6E31253B.pf,7/14/2022 4:48:11 PM,7/14/2022 4:48:11 PM,"6,627",DLLHOST.EXE,C:\Windows\System32\dllhost.exe,1,7/14/2022 4:48:01 PM,No
DLLHOST.EXE-D55B6E5F.pf,7/14/2022 10:27:07 AM,7/14/2022 5:23:58 PM,"4,159",DLLHOST.EXE,C:\Windows\System32\dllhost.exe,7,"7/14/2022 5:23:48 PM, 7/14/2022 4:40:56 PM, 7/14/2022 3:58:03 PM, 7/14/2022 11:05:01 AM, 7/14/2022 11:03:51 AM, 7/14/2022 11:02:52 AM, 7/14/2022 10:26:57 AM",No
DLLHOST.EXE-E5221F10.pf,7/14/2022 3:56:45 PM,7/14/2022 3:56:45 PM,"4,458",DLLHOST.EXE,C:\Windows\System32\dllhost.exe,1,7/14/2022 3:56:35 PM,No
DLLHOST.EXE-F8F2B7B0.pf,7/14/2022 2:10:35 PM,7/14/2022 2:10:35 PM,"4,609",DLLHOST.EXE,C:\Windows\SysWOW64\dllhost.exe,1,7/14/2022 2:10:27 PM,No
DOTNET.EXE-CA16E80C.pf,7/14/2022 5:51:46 PM,7/14/2022 5:51:46 PM,"13,201",DOTNET.EXE,C:\PROGRAM FILES\dotnet\dotnet.exe,1,7/14/2022 5:51:45 PM,No
DVASSTOOL.EXE-29E3D633.pf,7/14/2022 10:22:23 AM,7/14/2022 10:22:23 AM,"12,683",DVASSTOOL.EXE,C:\PROGRAM FILES\TREND MICRO\CLOUD ENDPOINT\modules\DVASSBRIDGEMODULE\DVASSTOOL.EXE,1,7/14/2022 10:22:22 AM,No
EXCEL.EXE-36952AF2.pf,6/17/2022 1:36:08 PM,7/14/2022 6:37:24 PM,"85,843",EXCEL.EXE,C:\PROGRAM FILES\MICROSOFT OFFICE\root\Office16\EXCEL.EXE,6,"7/14/2022 6:37:14 PM, 7/14/2022 6:36:16 PM, 7/14/2022 6:33:52 PM, 7/14/2022 6:32:45 PM, 7/14/2022 6:31:54 PM, 6/17/2022 1:36:01 PM",No
EXPLORER.EXE-03C49D11.pf,6/14/2022 4:49:11 PM,7/14/2022 2:10:36 PM,"92,919",EXPLORER.EXE,C:\Windows\explorer.exe,64,"7/14/2022 2:10:26 PM, 7/14/2022 10:00:18 AM, 7/13/2022 5:27:40 PM, 7/13/2022 3:44:24 PM, 7/13/2022 10:25:26 AM, 7/13/2022 8:03:04 AM, 7/12/2022 5:17:33 PM, 7/12/2022 8:50:56 AM",No
FILECOAUTH.EXE-3B6EB391.pf,7/14/2022 8:39:36 AM,7/14/2022 8:53:05 AM,"17,586",FILECOAUTH.EXE,C:\Users\npmoyer\AppData\Local\MICROSOFT\OneDrive\22.131.0619.0001\FILECOAUTH.EXE,2,"7/14/2022 8:52:55 AM, 7/14/2022 8:39:28 AM",No
FINDMOSTRECENTLYUSED APPS.EXE-A22DADA6.pf,7/11/2022 1:52:48 PM,7/12/2022 2:41:45 PM,"19,668",FINDMOSTRECENTLYUSED APPS.EXE,C:\Temp\APP ACCESS TIME ANALYZER\0.0.4\FINDMOSTRECENTLYUSED APPS.EXE,2,"7/12/2022 2:41:35 PM, 7/11/2022 1:52:38 PM",No
FINDMOSTRECENTLYUSED APPS.EXE-CA1947DB.pf,6/17/2022 2:34:16 PM,7/14/2022 6:34:59 PM,"29,917",FINDMOSTRECENTLYUSED APPS.EXE,C:\Users\npmoyer\ONEDRIVE - CITY OF ANN ARBOR\DOCUMENTS\GitHub\RECENT-APP-SEARCH\FINDMOSTRECENTLYUSED APPS\FINDMOSTRECENTLYUSED APPS\bin\Debug\FINDMOSTRECENTLYUSED APPS.EXE,54,"7/14/2022 6:34:49 PM, 7/14/2022 6:29:53 PM, 7/14/2022 6:15:23 PM, 7/14/2022 6:05:25 PM, 7/14/2022 6:02:34 PM, 7/14/2022 5:57:57 PM, 7/14/2022 5:55:17 PM, 7/14/2022 5:50:55 PM",No
GIT-REMOTE-HTTPS.EXE-4A10CD32.pf,7/14/2022 4:30:36 PM,7/14/2022 6:34:14 PM,"6,510",GIT-REMOTE-HTTPS.EXE,C:\Users\npmoyer\AppData\Local\GITHUBDESKTOP\APP-3.0.3\RESOURCES\app\git\mingw64\bin\GIT-REMOTE-HTTPS.EXE,5,"7/14/2022 6:34:13 PM, 7/14/2022 6:03:17 PM, 7/14/2022 5:32:21 PM, 7/14/2022 5:01:25 PM, 7/14/2022 4:30:36 PM",No
GIT.EXE-13986DFD.pf,7/14/2022 4:30:28 PM,7/14/2022 6:34:14 PM,"5,391",GIT.EXE,C:\Users\npmoyer\AppData\Local\GITHUBDESKTOP\APP-3.0.3\RESOURCES\app\git\mingw64\bin\git.exe,22,"7/14/2022 6:34:13 PM, 7/14/2022 6:34:13 PM, 7/14/2022 6:34:14 PM, 7/14/2022 6:03:17 PM, 7/14/2022 6:03:17 PM, 7/14/2022 6:03:18 PM, 7/14/2022 5:32:21 PM, 7/14/2022 5:32:21 PM",No
GIT.EXE-EB5E22EC.pf,7/14/2022 4:30:27 PM,7/14/2022 6:34:14 PM,"3,198",GIT.EXE,C:\Users\npmoyer\AppData\Local\GITHUBDESKTOP\APP-3.0.3\RESOURCES\app\git\cmd\git.exe,14,"7/14/2022 6:34:13 PM, 7/14/2022 6:03:17 PM, 7/14/2022 5:32:21 PM, 7/14/2022 5:01:25 PM, 7/14/2022 4:30:31 PM, 7/14/2022 4:30:30 PM, 7/14/2022 4:30:30 PM, 7/14/2022 4:30:30 PM",No
GIT.EXE-EEDABAD9.pf,7/14/2022 4:31:01 PM,7/14/2022 6:28:57 PM,"5,251",GIT.EXE,C:\PROGRAM FILES\MICROSOFT VISUAL STUDIO\2022\COMMUNITY\Common7\IDE\COMMONEXTENSIONS\MICROSOFT\TEAMFOUNDATION\TEAM EXPLORER\Git\mingw64\bin\git.exe,29,"7/14/2022 6:28:57 PM, 7/14/2022 6:24:53 PM, 7/14/2022 6:21:02 PM, 7/14/2022 6:17:48 PM, 7/14/2022 6:14:21 PM, 7/14/2022 6:05:12 PM, 7/14/2022 5:57:54 PM, 7/14/2022 5:50:51 PM",No
GITHUBDESKTOP.EXE-84ED916F.pf,7/14/2022 4:32:50 PM,7/14/2022 4:32:50 PM,"22,146",GITHUBDESKTOP.EXE,C:\Users\npmoyer\AppData\Local\GITHUBDESKTOP\APP-3.0.5\GITHUBDESKTOP.EXE,1,7/14/2022 4:32:47 PM,No
GITHUBDESKTOP.EXE-84ED9171.pf,7/14/2022 4:32:50 PM,7/14/2022 4:32:50 PM,"16,742",GITHUBDESKTOP.EXE,C:\Users\npmoyer\AppData\Local\GITHUBDESKTOP\APP-3.0.5\GITHUBDESKTOP.EXE,1,7/14/2022 4:32:47 PM,No
GITHUBDESKTOP.EXE-84ED9177.pf,7/14/2022 4:32:50 PM,7/14/2022 4:32:50 PM,"8,034",GITHUBDESKTOP.EXE,C:\Users\npmoyer\AppData\Local\GITHUBDESKTOP\APP-3.0.5\GITHUBDESKTOP.EXE,1,7/14/2022 4:32:48 PM,No
GITHUBDESKTOP.EXE-9CDAC8C5.pf,7/6/2022 10:05:27 AM,7/14/2022 4:30:32 PM,"39,059",GITHUBDESKTOP.EXE,C:\Users\npmoyer\AppData\Local\GITHUBDESKTOP\APP-3.0.3\GITHUBDESKTOP.EXE,6,"7/14/2022 4:30:22 PM, 7/12/2022 5:45:37 PM, 7/12/2022 9:15:58 AM, 7/11/2022 2:46:36 PM, 7/6/2022 10:37:47 AM, 7/6/2022 10:05:17 AM",No
GITHUBDESKTOP.EXE-9CDAC8C6.pf,7/14/2022 4:30:32 PM,7/14/2022 4:30:32 PM,"15,204",GITHUBDESKTOP.EXE,C:\Users\npmoyer\AppData\Local\GITHUBDESKTOP\APP-3.0.3\GITHUBDESKTOP.EXE,1,7/14/2022 4:30:22 PM,No
GITHUBDESKTOP.EXE-9CDAC8C7.pf,7/14/2022 4:30:32 PM,7/14/2022 4:32:23 PM,"24,568",GITHUBDESKTOP.EXE,C:\Users\npmoyer\AppData\Local\GITHUBDESKTOP\APP-3.0.3\GITHUBDESKTOP.EXE,2,"7/14/2022 4:32:22 PM, 7/14/2022 4:30:22 PM",No
GITHUBDESKTOP.EXE-9CDAC8CD.pf,7/14/2022 4:30:32 PM,7/14/2022 4:30:32 PM,"8,290",GITHUBDESKTOP.EXE,C:\Users\npmoyer\AppData\Local\GITHUBDESKTOP\APP-3.0.3\GITHUBDESKTOP.EXE,1,7/14/2022 4:30:22 PM,No
GITHUBDESKTOP.EXE-A8D16470.pf,6/15/2022 8:51:10 AM,7/14/2022 4:32:51 PM,"45,766",GITHUBDESKTOP.EXE,C:\USERS\NPMOYER\APPDATA\LOCAL\GITHUBDESKTOP\APP-3.0.2\GITHUBDESKTOP.EXE,6,"7/14/2022 4:32:51 PM, 7/1/2022 1:10:59 PM, 6/21/2022 8:11:49 AM, 6/17/2022 2:22:18 PM, 6/15/2022 8:51:15 AM, 6/15/2022 8:51:00 AM",Yes
GITHUBDESKTOP.EXE-A8D16472.pf,7/14/2022 4:32:51 PM,7/14/2022 4:32:51 PM,"1,570",GITHUBDESKTOP.EXE,C:\USERS\NPMOYER\APPDATA\LOCAL\GITHUBDESKTOP\APP-3.0.2\GITHUBDESKTOP.EXE,1,7/14/2022 4:32:51 PM,Yes
GITHUBDESKTOP.EXE-DCF3B781.pf,7/14/2022 4:30:22 PM,7/14/2022 4:30:22 PM,"4,049",GITHUBDESKTOP.EXE,C:\Users\npmoyer\AppData\Local\GITHUBDESKTOP\GITHUBDESKTOP.EXE,1,7/14/2022 4:30:21 PM,No
GOOGLEUPDATE.EXE-62E5E10F.pf,7/14/2022 8:39:03 AM,7/14/2022 2:38:53 PM,"9,040",GOOGLEUPDATE.EXE,C:\PROGRAM FILES (X86)\Google\Update\GOOGLEUPDATE.EXE,2,"7/14/2022 2:38:52 PM, 7/14/2022 8:39:02 AM",No
GPUPDATE.EXE-AD7738E4.pf,7/14/2022 9:36:36 AM,7/14/2022 5:58:02 PM,"4,232",GPUPDATE.EXE,C:\Windows\System32\gpupdate.exe,12,"7/14/2022 5:57:52 PM, 7/14/2022 5:36:28 PM, 7/14/2022 4:17:52 PM, 7/14/2022 4:00:28 PM, 7/14/2022 2:37:52 PM, 7/14/2022 2:24:28 PM, 7/14/2022 12:57:52 PM, 7/14/2022 12:48:28 PM",No
GUP.EXE-7F7956CE.pf,6/30/2022 8:44:13 AM,6/30/2022 8:44:13 AM,"8,646",GUP.EXE,C:\PROGRAM FILES\NOTEPAD++\updater\GUP.exe,1,6/30/2022 8:44:10 AM,No
HH.EXE-603A5034.pf,6/15/2022 8:45:45 AM,6/15/2022 8:45:45 AM,"26,949",HH.EXE,C:\Windows\hh.exe,1,6/15/2022 8:45:42 AM,No
HP SYSTEM INFORMATION.EXE-67254025.pf,7/7/2022 4:46:26 PM,7/7/2022 4:47:02 PM,"27,448",HP SYSTEM INFORMATION.EXE,C:\PROGRAM FILES\WINDOWSAPPS\AD2F1837.HPSYSTEMINFORMATION_8.10.29.0_X64__V10Z8VJAG6KE6\HP SYSTEM INFORMATION.EXE,2,"7/7/2022 4:46:55 PM, 7/7/2022 4:46:16 PM",No
HP-HPIA-5.1.4.EXE-36823E0D.pf,6/14/2022 4:54:16 PM,6/14/2022 4:54:16 PM,"8,325",HP-HPIA-5.1.4.EXE,C:\Temp\HP-HPIA-5.1.4.EXE,1,6/14/2022 4:54:06 PM,No
HP.EASYSTART.EXE-6DEB2CDF.pf,6/17/2022 3:14:46 PM,6/17/2022 3:14:46 PM,"63,965",HP.EASYSTART.EXE,C:\Users\npmoyer\AppData\Local\Temp\7zS3562\HPEASYSTART\HP.EASYSTART.EXE,1,6/17/2022 3:14:41 PM,No
HPEASYSTART-13.4.8-OJP8030_49-B9063646.pf,6/17/2022 3:13:27 PM,6/22/2022 4:32:45 PM,"37,382",HPEASYSTART-13.4.8-OJP8030_49_10_4647_1_WEBPACK.EXE,C:\Users\npmoyer\DOWNLOADS\HPEASYSTART-13.4.8-OJP8030_49_10_4647_1_WEBPACK.EXE,2,"6/22/2022 4:32:40 PM, 6/17/2022 3:13:26 PM",No
HPHWDIAG.EXE-E4A85EE7.pf,6/24/2022 8:44:47 AM,6/24/2022 8:49:36 AM,"66,329",HPHWDIAG.EXE,C:\PROGRAM FILES\WINDOWSAPPS\AD2F1837.HPPCHARDWAREDIAGNOSTICSWINDOWS_1.8.1.0_X64__V10Z8VJAG6KE6\HpHwDiag.exe,3,"6/24/2022 8:49:33 AM, 6/24/2022 8:45:15 AM, 6/24/2022 8:44:44 AM",No
HPWPD.EXE-469013B0.pf,7/13/2022 12:13:29 PM,7/13/2022 12:13:29 PM,"19,243",HPWPD.EXE,C:\PROGRAM FILES (X86)\HEWLETT-PACKARD\HP SUPPORT SOLUTIONS\Modules\HPWPD.exe,1,7/13/2022 12:13:19 PM,No
ICACLS.EXE-B1BB271D.pf,7/14/2022 4:31:45 PM,7/14/2022 4:31:45 PM,"4,536",ICACLS.EXE,C:\Windows\System32\icacls.exe,1,7/14/2022 4:31:45 PM,No
IEXPLORE.EXE-7A9337F2.pf,6/30/2022 8:44:44 AM,6/30/2022 8:44:44 AM,"19,810",IEXPLORE.EXE,C:\PROGRAM FILES\INTERNET EXPLORER\iexplore.exe,1,6/30/2022 8:44:35 AM,No
INNO_UPDATER.EXE-F89D0A55.pf,7/12/2022 6:00:49 PM,7/12/2022 6:00:49 PM,"9,692",INNO_UPDATER.EXE,C:\Users\npmoyer\AppData\Local\Programs\MICROSOFT VS CODE\tools\INNO_UPDATER.EXE,1,7/12/2022 6:00:47 PM,No
LASTACTIVITYVIEW.EXE-897AABD4.pf,7/11/2022 1:19:54 PM,7/11/2022 1:19:54 PM,"39,965",LASTACTIVITYVIEW.EXE,C:\Users\npmoyer\DOWNLOADS\LASTACTIVITYVIEW\LASTACTIVITYVIEW.EXE,1,7/11/2022 1:19:44 PM,No
LIGHT HOST.EXE-D8725C43.pf,6/28/2022 3:07:30 PM,7/12/2022 5:09:47 PM,"12,116",LIGHT HOST.EXE,C:\Temp\LIGHT HOST 1.2.1 WIN64\LIGHT HOST.EXE,9,"7/12/2022 5:09:36 PM, 7/12/2022 8:30:42 AM, 7/7/2022 7:53:37 AM, 7/6/2022 10:33:41 AM, 7/6/2022 10:21:21 AM, 7/5/2022 9:58:36 AM, 7/1/2022 9:06:01 AM, 6/29/2022 11:08:35 AM",No
LOCKAPP.EXE-004B30B4.pf,6/15/2022 11:28:22 AM,7/14/2022 9:38:11 AM,"35,499",LOCKAPP.EXE,C:\Windows\SYSTEMAPPS\MICROSOFT.LOCKAPP_CW5N1H2TXYEWY\LockApp.exe,19,"7/14/2022 9:38:01 AM, 7/13/2022 6:03:05 PM, 7/13/2022 8:43:56 AM, 7/12/2022 5:39:30 PM, 7/12/2022 8:53:50 AM, 7/11/2022 10:03:34 AM, 7/7/2022 1:49:39 PM, 7/7/2022 9:13:46 AM",No
LOGONUI.EXE-E35F76FB.pf,6/14/2022 3:38:57 PM,7/14/2022 3:15:51 PM,"35,074",LOGONUI.EXE,C:\Windows\System32\LogonUI.exe,117,"7/14/2022 3:15:41 PM, 7/14/2022 11:43:13 AM, 7/14/2022 9:38:00 AM, 7/13/2022 6:01:59 PM, 7/13/2022 3:14:20 PM, 7/13/2022 2:40:45 PM, 7/13/2022 2:17:46 PM, 7/13/2022 12:51:44 PM",No
MICOLLAB.EXE-7821CDFC.pf,6/15/2022 8:30:47 AM,7/13/2022 3:13:53 PM,"85,183",MICOLLAB.EXE,C:\PROGRAM FILES (X86)\Mitel\MiCollab\MiCollab.exe,23,"7/13/2022 3:13:28 PM, 7/12/2022 8:30:38 AM, 7/11/2022 8:00:09 AM, 7/7/2022 1:19:24 PM, 7/7/2022 12:17:36 PM, 7/7/2022 7:53:35 AM, 7/6/2022 10:33:38 AM, 7/5/2022 4:27:36 PM",No
MICROSOFT SQL MANAGMENT STUDI-8FC7ADCE.pf,6/15/2022 8:21:47 AM,6/15/2022 8:49:04 AM,"41,657",MICROSOFT SQL MANAGMENT STUDIO SSMS-SETUP-ENU.EXE,C:\Temp\MICROSOFT SQL MANAGMENT STUDIO SSMS-SETUP-ENU.EXE,5,"6/15/2022 8:48:54 AM, 6/15/2022 8:48:54 AM, 6/15/2022 8:48:47 AM, 6/15/2022 8:21:37 AM, 6/15/2022 8:21:37 AM",No
MICROSOFT.AAD.BROKERPLUGIN.EX-4926BF91.pf,6/14/2022 6:09:23 PM,6/14/2022 6:09:23 PM,"45,948",MICROSOFT.AAD.BROKERPLUGIN.EXE,C:\Windows\SYSTEMAPPS\MICROSOFT.AAD.BROKERPLUGIN_CW5N1H2TXYEWY\MICROSOFT.AAD.BROKERPLUGIN.EXE,1,6/14/2022 6:09:12 PM,No
MICROSOFT.CONFIGURATIONMANAGE-DBAA1C74.pf,6/14/2022 6:08:00 PM,7/14/2022 8:15:30 AM,"84,569",MICROSOFT.CONFIGURATIONMANAGEMENT.DIALOGFRAMEWORK.DLL,C:\PROGRAM FILES (X86)\CONFIGMGR CONSOLE\bin\MICROSOFT.CONFIGURATIONMANAGEMENT.DIALOGFRAMEWORK.DLL,29,"7/14/2022 8:15:27 AM, 7/13/2022 4:39:18 PM, 7/13/2022 8:10:12 AM, 7/12/2022 8:32:19 AM, 7/11/2022 8:15:29 AM, 7/7/2022 1:19:12 PM, 7/7/2022 12:32:44 PM, 7/7/2022 12:19:28 PM",No
MICROSOFT.MANAGEMENT.SERVICES-A2F1E140.pf,7/14/2022 8:23:30 AM,7/14/2022 6:37:37 PM,"33,613",MICROSOFT.MANAGEMENT.SERVICES.INTUNEWINDOWSAGENT.EXE,C:\PROGRAM FILES (X86)\MICROSOFT INTUNE MANAGEMENT EXTENSION\MICROSOFT.MANAGEMENT.SERVICES.INTUNEWINDOWSAGENT.EXE,173,"7/14/2022 6:37:27 PM, 7/14/2022 6:34:49 PM, 7/14/2022 6:32:02 PM, 7/14/2022 6:29:24 PM, 7/14/2022 6:26:46 PM, 7/14/2022 6:24:07 PM, 7/14/2022 6:21:08 PM, 7/14/2022 6:18:10 PM",No
MICROSOFT.PHOTOS.EXE-58F9C557.pf,7/7/2022 4:37:46 PM,7/7/2022 4:40:15 PM,"64,290",MICROSOFT.PHOTOS.EXE,C:\PROGRAM FILES\WINDOWSAPPS\MICROSOFT.WINDOWS.PHOTOS_2022.30060.30007.0_X64__8WEKYB3D8BBWE\MICROSOFT.PHOTOS.EXE,3,"7/7/2022 4:40:05 PM, 7/7/2022 4:39:33 PM, 7/7/2022 4:37:39 PM",No
MICROSOFT.PHOTOS.EXE-F6743CA5.pf,6/15/2022 8:50:49 AM,7/1/2022 8:36:48 AM,"80,210",MICROSOFT.PHOTOS.DLL,C:\PROGRAM FILES\WINDOWSAPPS\MICROSOFT.WINDOWS.PHOTOS_2022.30060.3006.0_X64__8WEKYB3D8BBWE\MICROSOFT.PHOTOS.DLL,5,"7/1/2022 8:36:38 AM, 6/28/2022 2:11:50 PM, 6/28/2022 10:38:50 AM, 6/15/2022 8:50:59 AM, 6/15/2022 8:50:42 AM",Yes
MICROSOFT.SERVICEHUB.CONTROLL-5C302B87.pf,7/14/2022 4:31:13 PM,7/14/2022 4:48:13 PM,"38,972",MICROSOFT.SERVICEHUB.CONTROLLER.EXE,C:\PROGRAM FILES\MICROSOFT VISUAL STUDIO\2022\COMMUNITY\Common7\SERVICEHUB\CONTROLLER\MICROSOFT.SERVICEHUB.CONTROLLER.EXE,2,"7/14/2022 4:48:03 PM, 7/14/2022 4:31:03 PM",No
MICROSOFTEDGEUPDATE.EXE-30812F03.pf,7/14/2022 9:06:25 AM,7/14/2022 6:06:35 PM,"6,646",MICROSOFTEDGEUPDATE.EXE,C:\PROGRAM FILES (X86)\MICROSOFT\EDGEUPDATE\MICROSOFTEDGEUPDATE.EXE,10,"7/14/2022 6:06:25 PM, 7/14/2022 5:06:25 PM, 7/14/2022 4:06:25 PM, 7/14/2022 3:06:25 PM, 7/14/2022 2:06:25 PM, 7/14/2022 1:06:25 PM, 7/14/2022 12:06:25 PM, 7/14/2022 11:06:25 AM",No
MMC.EXE-296335FC.pf,6/21/2022 3:13:43 PM,6/21/2022 3:13:43 PM,"17,001",MMC.EXE,C:\Windows\System32\mmc.exe,1,6/21/2022 3:13:33 PM,No
MMC.EXE-506108FA.pf,7/6/2022 10:24:41 AM,7/6/2022 10:24:41 AM,"43,894",MMC.EXE,C:\Windows\System32\mmc.exe,1,7/6/2022 10:24:31 AM,No
MMC.EXE-A8FD9384.pf,6/15/2022 9:47:10 AM,7/14/2022 8:45:54 AM,"24,163",MMC.EXE,C:\Windows\System32\mmc.exe,18,"7/14/2022 8:45:44 AM, 7/13/2022 10:27:25 AM, 7/12/2022 8:51:23 AM, 7/11/2022 11:56:35 AM, 7/7/2022 4:53:25 PM, 7/7/2022 12:45:48 PM, 7/7/2022 9:18:49 AM, 7/6/2022 10:41:05 AM",No
MMC.EXE-C252543C.pf,6/21/2022 5:06:58 PM,7/13/2022 12:13:49 PM,"27,497",MMC.EXE,C:\Windows\System32\mmc.exe,4,"7/13/2022 12:13:39 PM, 7/6/2022 10:23:54 AM, 6/21/2022 5:10:45 PM, 6/21/2022 5:06:48 PM",No
MOFCOMP.EXE-826B4AA6.pf,7/14/2022 8:23:20 AM,7/14/2022 6:37:28 PM,"7,108",MOFCOMP.EXE,C:\Windows\SysWOW64\wbem\mofcomp.exe,187,"7/14/2022 6:37:28 PM, 7/14/2022 6:34:50 PM, 7/14/2022 6:32:03 PM, 7/14/2022 6:32:03 PM, 7/14/2022 6:32:03 PM, 7/14/2022 6:29:25 PM, 7/14/2022 6:26:47 PM, 7/14/2022 6:24:08 PM",No
MOUSOCOREWORKER.EXE-2038C868.pf,7/14/2022 8:34:43 AM,7/14/2022 4:34:26 PM,"9,279",MOUSOCOREWORKER.EXE,C:\Windows\System32\MOUSOCOREWORKER.EXE,32,"7/14/2022 4:34:16 PM, 7/14/2022 4:23:16 PM, 7/14/2022 4:05:17 PM, 7/14/2022 4:01:20 PM, 7/14/2022 3:55:47 PM, 7/14/2022 3:50:19 PM, 7/14/2022 3:24:00 PM, 7/14/2022 3:18:32 PM",No
MSACCESS.EXE-80B43F57.pf,6/22/2022 7:30:44 AM,6/22/2022 7:35:08 AM,"65,119",MSACCESS.EXE,C:\PROGRAM FILES\MICROSOFT OFFICE\root\Office16\MSACCESS.EXE,2,"6/22/2022 7:34:58 AM, 6/22/2022 7:30:34 AM",No
MSBUILD.EXE-7B488E61.pf,7/14/2022 4:46:39 PM,7/14/2022 5:41:39 PM,"31,208",MSBUILD.EXE,C:\PROGRAM FILES\MICROSOFT VISUAL STUDIO\2022\COMMUNITY\Msbuild\Current\Bin\amd64\MSBuild.exe,4,"7/14/2022 5:41:28 PM, 7/14/2022 5:16:54 PM, 7/14/2022 4:48:05 PM, 7/14/2022 4:46:29 PM",No
MSBUILD.EXE-A5A1AE01.pf,7/14/2022 4:46:30 PM,7/14/2022 6:34:49 PM,"19,510",MSBUILD.EXE,C:\PROGRAM FILES\MICROSOFT VISUAL STUDIO\2022\COMMUNITY\Msbuild\Current\Bin\MSBuild.exe,18,"7/14/2022 6:34:48 PM, 7/14/2022 6:32:30 PM, 7/14/2022 6:29:51 PM, 7/14/2022 6:15:23 PM, 7/14/2022 6:05:24 PM, 7/14/2022 6:02:31 PM, 7/14/2022 5:57:56 PM, 7/14/2022 5:55:16 PM",No
MSCORSVW.EXE-D593A5D9.pf,7/14/2022 4:49:13 PM,7/14/2022 4:49:24 PM,"70,653",MSCORSVW.EXE,C:\Windows\MICROSOFT.NET\FRAMEWORK64\V4.0.30319\mscorsvw.exe,10,"7/14/2022 4:49:20 PM, 7/14/2022 4:49:19 PM, 7/14/2022 4:49:19 PM, 7/14/2022 4:49:18 PM, 7/14/2022 4:49:17 PM, 7/14/2022 4:49:17 PM, 7/14/2022 4:49:16 PM, 7/14/2022 4:49:13 PM",No
MSEDGE.EXE-F6B373AF.pf,6/14/2022 5:00:12 PM,6/29/2022 3:51:59 PM,"181,545",MSEDGE.EXE,C:\PROGRAM FILES (X86)\MICROSOFT\Edge\APPLICATION\msedge.exe,6,"6/29/2022 3:51:53 PM, 6/24/2022 8:48:45 AM, 6/21/2022 5:01:18 PM, 6/21/2022 5:01:17 PM, 6/14/2022 5:00:09 PM, 6/14/2022 5:00:09 PM",No
MSEDGEWEBVIEW2.EXE-8A5FA534.pf,6/24/2022 8:45:00 AM,6/24/2022 8:49:46 AM,"55,875",MSEDGEWEBVIEW2.EXE,C:\PROGRAM FILES (X86)\HP\HpHwDiag\MICROSOFT.WEBVIEW2.FIXEDVERSIONRUNTIME.98.0.1108.43.X64\MSEDGEWEBVIEW2.EXE,3,"6/24/2022 8:49:36 AM, 6/24/2022 8:45:18 AM, 6/24/2022 8:44:50 AM",No
MSEDGEWEBVIEW2.EXE-DD0C7F87.pf,7/14/2022 4:48:57 PM,7/14/2022 6:35:00 PM,"59,188",MSEDGEWEBVIEW2.EXE,C:\PROGRAM FILES (X86)\MICROSOFT\EDGEWEBVIEW\APPLICATION\103.0.1264.49\MSEDGEWEBVIEW2.EXE,13,"7/14/2022 6:34:50 PM, 7/14/2022 6:29:54 PM, 7/14/2022 6:05:26 PM, 7/14/2022 6:02:35 PM, 7/14/2022 5:57:58 PM, 7/14/2022 5:52:05 PM, 7/14/2022 5:50:56 PM, 7/14/2022 5:48:46 PM",No
MSEDGEWEBVIEW2.EXE-DD0C7F88.pf,7/14/2022 5:17:03 PM,7/14/2022 6:29:53 PM,"30,069",MSEDGEWEBVIEW2.EXE,C:\PROGRAM FILES (X86)\MICROSOFT\EDGEWEBVIEW\APPLICATION\103.0.1264.49\MSEDGEWEBVIEW2.EXE,17,"7/14/2022 6:29:51 PM, 7/14/2022 6:15:23 PM, 7/14/2022 6:05:24 PM, 7/14/2022 6:02:31 PM, 7/14/2022 5:57:56 PM, 7/14/2022 5:55:16 PM, 7/14/2022 5:50:54 PM, 7/14/2022 5:48:28 PM",No
MSEDGEWEBVIEW2.EXE-DD0C7F89.pf,7/14/2022 4:48:57 PM,7/14/2022 6:31:38 PM,"32,682",MSEDGEWEBVIEW2.EXE,C:\PROGRAM FILES (X86)\MICROSOFT\EDGEWEBVIEW\APPLICATION\103.0.1264.49\MSEDGEWEBVIEW2.EXE,16,"7/14/2022 6:31:28 PM, 7/14/2022 6:07:26 PM, 7/14/2022 6:04:36 PM, 7/14/2022 6:02:36 PM, 7/14/2022 5:59:58 PM, 7/14/2022 5:54:05 PM, 7/14/2022 5:52:05 PM, 7/14/2022 5:50:57 PM",No
MSEDGEWEBVIEW2.EXE-DD0C7F8A.pf,7/14/2022 5:43:35 PM,7/14/2022 6:35:01 PM,"14,996",MSEDGEWEBVIEW2.EXE,C:\PROGRAM FILES (X86)\MICROSOFT\EDGEWEBVIEW\APPLICATION\103.0.1264.49\MSEDGEWEBVIEW2.EXE,10,"7/14/2022 6:34:51 PM, 7/14/2022 6:32:32 PM, 7/14/2022 6:31:28 PM, 7/14/2022 6:05:26 PM, 7/14/2022 6:02:36 PM, 7/14/2022 5:52:05 PM, 7/14/2022 5:50:57 PM, 7/14/2022 5:48:47 PM",No
MSEDGEWEBVIEW2.EXE-DD0C7F8E.pf,7/14/2022 4:48:57 PM,7/14/2022 6:35:00 PM,"5,699",MSEDGEWEBVIEW2.EXE,C:\PROGRAM FILES (X86)\MICROSOFT\EDGEWEBVIEW\APPLICATION\103.0.1264.49\MSEDGEWEBVIEW2.EXE,11,"7/14/2022 6:34:50 PM, 7/14/2022 6:29:54 PM, 7/14/2022 6:05:26 PM, 7/14/2022 6:02:35 PM, 7/14/2022 5:52:05 PM, 7/14/2022 5:50:56 PM, 7/14/2022 5:48:46 PM, 7/14/2022 5:47:29 PM",No
MSEDGEWEBVIEW2.EXE-DD0C7F8F.pf,7/14/2022 4:49:56 PM,7/14/2022 6:31:42 PM,"12,648",MSEDGEWEBVIEW2.EXE,C:\PROGRAM FILES (X86)\MICROSOFT\EDGEWEBVIEW\APPLICATION\103.0.1264.49\MSEDGEWEBVIEW2.EXE,17,"7/14/2022 6:31:32 PM, 7/14/2022 6:31:28 PM, 7/14/2022 6:10:26 PM, 7/14/2022 6:05:26 PM, 7/14/2022 5:57:05 PM, 7/14/2022 5:43:27 PM, 7/14/2022 5:43:25 PM, 7/14/2022 5:22:35 PM",No
MSEDGEWEBVIEW2.EXE-E9153A7D.pf,6/15/2022 9:03:45 AM,6/21/2022 1:22:11 PM,"90,373",MSEDGEWEBVIEW2.EXE,C:\PROGRAM FILES (X86)\MICROSOFT\EDGEWEBVIEW\APPLICATION\102.0.1245.41\MSEDGEWEBVIEW2.EXE,9,"6/21/2022 1:22:00 PM, 6/21/2022 8:35:38 AM, 6/21/2022 7:59:48 AM, 6/17/2022 2:34:09 PM, 6/17/2022 12:21:35 PM, 6/17/2022 12:21:25 PM, 6/15/2022 4:09:15 PM, 6/15/2022 2:41:59 PM",Yes
MSETUP64.EXE-ADC9CBE9.pf,6/27/2022 1:30:58 PM,6/27/2022 1:59:13 PM,"13,760",MSETUP64.EXE,C:\Users\npmoyera\AppData\Local\Temp\WIN-G7000-1_1-N_MCD\win\MSetup64.exe,2,"6/27/2022 1:59:03 PM, 6/27/2022 1:30:52 PM",No
MSIEXEC.EXE-7D20CFB0.pf,6/14/2022 3:08:31 PM,7/14/2022 7:59:58 AM,"72,446",MSIEXEC.EXE,C:\Windows\System32\msiexec.exe,96,"7/14/2022 7:59:48 AM, 7/13/2022 5:04:26 PM, 7/13/2022 5:02:03 PM, 7/13/2022 8:04:22 AM, 7/12/2022 5:21:43 PM, 7/12/2022 5:01:30 PM, 7/11/2022 6:09:53 PM, 7/11/2022 3:51:47 PM",No
MSIEXEC.EXE-BAE57A74.pf,6/14/2022 3:12:54 PM,7/14/2022 8:00:20 AM,"21,832",MSIEXEC.EXE,C:\Windows\SysWOW64\msiexec.exe,65,"7/14/2022 8:00:19 AM, 7/13/2022 5:02:38 PM, 7/12/2022 5:21:43 PM, 7/11/2022 3:51:48 PM, 7/11/2022 3:51:48 PM, 7/11/2022 3:51:48 PM, 7/8/2022 8:05:34 PM, 7/2/2022 12:05:30 PM",No
MSINFO32.EXE-F283564F.pf,6/14/2022 4:38:51 PM,6/14/2022 4:38:51 PM,"9,320",MSINFO32.EXE,C:\Windows\System32\msinfo32.exe,1,6/14/2022 4:38:41 PM,No
MSTSC.EXE-BA41B828.pf,7/14/2022 1:13:47 PM,7/14/2022 2:04:37 PM,"6,775",MSTSC.EXE,C:\Windows\SysWOW64\mstsc.exe,4,"7/14/2022 2:04:36 PM, 7/14/2022 2:03:03 PM, 7/14/2022 1:14:59 PM, 7/14/2022 1:13:47 PM",No
MSTSC.EXE-DE630124.pf,6/15/2022 10:47:41 AM,7/14/2022 2:03:14 PM,"48,368",MSTSC.EXE,C:\Windows\System32\mstsc.exe,60,"7/14/2022 2:03:04 PM, 7/14/2022 1:13:47 PM, 7/13/2022 4:44:19 PM, 7/13/2022 4:40:35 PM, 7/13/2022 2:01:59 PM, 7/13/2022 1:57:10 PM, 7/13/2022 1:23:53 PM, 7/11/2022 5:13:27 PM",No
MSVSMON.EXE-E953855D.pf,7/14/2022 4:47:51 PM,7/14/2022 6:34:59 PM,"19,081",MSVSMON.EXE,C:\PROGRAM FILES\MICROSOFT VISUAL STUDIO\2022\COMMUNITY\Common7\IDE\REMOTE DEBUGGER\x86\msvsmon.exe,15,"7/14/2022 6:34:49 PM, 7/14/2022 6:29:53 PM, 7/14/2022 6:15:23 PM, 7/14/2022 6:05:25 PM, 7/14/2022 6:02:33 PM, 7/14/2022 5:55:17 PM, 7/14/2022 5:52:04 PM, 7/14/2022 5:50:55 PM",No
NGEN.EXE-383F81D5.pf,7/14/2022 4:49:13 PM,7/14/2022 4:49:24 PM,"4,901",NGEN.EXE,C:\Windows\MICROSOFT.NET\FRAMEWORK64\V4.0.30319\ngen.exe,11,"7/14/2022 4:49:24 PM, 7/14/2022 4:49:20 PM, 7/14/2022 4:49:19 PM, 7/14/2022 4:49:18 PM, 7/14/2022 4:49:17 PM, 7/14/2022 4:49:17 PM, 7/14/2022 4:49:17 PM, 7/14/2022 4:49:16 PM",No
NMCLIENT.EXE-8950FD6E.pf,6/14/2022 5:04:39 PM,6/24/2022 9:24:20 AM,"11,474",NMCLIENT.EXE,C:\PROGRAM FILES\NETMOTION CLIENT\nmclient.exe,3,"6/24/2022 9:24:10 AM, 6/17/2022 3:11:12 PM, 6/14/2022 5:04:29 PM",No
NOMTRAY.EXE-C9640A8E.pf,6/14/2022 5:02:50 PM,7/14/2022 8:00:55 AM,"6,825",NOMTRAY.EXE,C:\PROGRAM FILES\NETMOTION CLIENT\nomtray.exe,20,"7/14/2022 8:00:45 AM, 7/13/2022 8:03:27 AM, 7/12/2022 5:09:19 PM, 7/12/2022 8:30:20 AM, 7/11/2022 7:59:52 AM, 7/7/2022 12:17:22 PM, 7/6/2022 10:33:24 AM, 7/5/2022 4:27:25 PM",No
NOTEPAD++.EXE-0C41AC7A.pf,6/30/2022 8:44:16 AM,7/11/2022 1:54:54 PM,"22,503",NOTEPAD++.EXE,C:\PROGRAM FILES\NOTEPAD++\NOTEPAD++.EXE,3,"7/11/2022 1:54:49 PM, 7/11/2022 1:20:50 PM, 6/30/2022 8:44:09 AM",No
NOTEPAD.EXE-B28CC291.pf,6/21/2022 10:21:07 AM,7/11/2022 5:17:51 PM,"15,022",NOTEPAD.EXE,C:\Windows\System32\notepad.exe,15,"7/11/2022 5:17:44 PM, 7/11/2022 12:31:05 PM, 7/7/2022 4:16:14 PM, 7/7/2022 12:44:42 PM, 6/30/2022 2:50:11 PM, 6/30/2022 11:27:33 AM, 6/29/2022 11:12:34 AM, 6/29/2022 11:12:06 AM",No
OFCCCCAUPDATE.EXE-EAA47666.pf,7/14/2022 9:59:43 AM,7/14/2022 6:02:03 PM,"7,211",OFCCCCAUPDATE.EXE,C:\PROGRAM FILES (X86)\TREND MICRO\SECURITY AGENT\OFCCCCAUPDATE.EXE,12,"7/14/2022 6:02:03 PM, 7/14/2022 4:01:25 PM, 7/14/2022 2:00:42 PM, 7/14/2022 12:00:13 PM, 7/14/2022 12:00:13 PM, 7/14/2022 12:00:13 PM, 7/14/2022 10:04:28 AM, 7/14/2022 10:04:27 AM",No
OFFICECLICKTORUN.EXE-4FE3D34D.pf,7/14/2022 9:15:04 AM,7/14/2022 9:15:05 AM,"18,345",OFFICECLICKTORUN.EXE,C:\PROGRAM FILES\COMMON FILES\MICROSOFT SHARED\CLICKTORUN\OFFICECLICKTORUN.EXE,2,"7/14/2022 9:14:55 AM, 7/14/2022 9:14:54 AM",No
OMADMPRC.EXE-AD7C0BF9.pf,7/14/2022 12:05:11 PM,7/14/2022 12:05:11 PM,"5,437",OMADMPRC.EXE,C:\Windows\System32\omadmprc.exe,1,7/14/2022 12:05:01 PM,No
ONENOTE.EXE-6B6FE19D.pf,6/15/2022 8:54:32 AM,7/14/2022 1:24:50 PM,"82,660",ONENOTE.EXE,C:\PROGRAM FILES\MICROSOFT OFFICE\root\Office16\ONENOTE.EXE,11,"7/14/2022 1:24:40 PM, 7/13/2022 9:15:12 AM, 7/11/2022 8:06:21 AM, 6/29/2022 11:40:09 AM, 6/27/2022 10:33:34 AM, 6/23/2022 7:34:47 AM, 6/22/2022 11:43:44 AM, 6/21/2022 3:14:07 PM",No
ONENOTEM.EXE-33739616.pf,7/14/2022 1:24:53 PM,7/14/2022 1:24:53 PM,"6,872",ONENOTEM.EXE,C:\PROGRAM FILES\MICROSOFT OFFICE\root\Office16\ONENOTEM.EXE,1,7/14/2022 1:24:53 PM,No
Op-EXPLORER.EXE-03C49D11-000000F5.pf,6/15/2022 2:39:15 PM,6/29/2022 1:02:58 PM,"7,029",,,4,"6/29/2022 1:02:58 PM, 6/23/2022 3:01:00 PM, 6/17/2022 10:35:52 AM, 6/15/2022 2:39:14 PM",No
Op-MSEDGEWEBVIEW2.EX-8A5FA534-00000001.pf,6/24/2022 8:45:02 AM,6/24/2022 8:53:34 AM,"1,138",,,10,"6/24/2022 8:53:34 AM, 6/24/2022 8:52:55 AM, 6/24/2022 8:52:21 AM, 6/24/2022 8:51:50 AM, 6/24/2022 8:51:37 AM, 6/24/2022 8:51:24 AM, 6/24/2022 8:51:03 AM, 6/24/2022 8:50:45 AM",No
Op-MSEDGEWEBVIEW2.EX-DD0C7F87-00000001.pf,7/14/2022 4:49:56 PM,7/14/2022 6:29:51 PM,"2,773",,,18,"7/14/2022 6:29:51 PM, 7/14/2022 6:15:23 PM, 7/14/2022 6:10:26 PM, 7/14/2022 6:02:31 PM, 7/14/2022 5:47:26 PM, 7/14/2022 5:41:28 PM, 7/14/2022 5:22:35 PM, 7/14/2022 5:16:53 PM",No
Op-SEARCHAPP.EXE-AC164F70-00000002.pf,7/12/2022 3:48:15 PM,7/12/2022 3:48:15 PM,"4,926",,,1,7/12/2022 3:48:15 PM,No
OPENWITH.EXE-BA0DC300.pf,6/15/2022 10:59:22 AM,7/11/2022 1:54:33 PM,"33,404",OPENWITH.EXE,C:\Windows\System32\OpenWith.exe,25,"7/11/2022 1:54:30 PM, 7/8/2022 9:21:33 AM, 7/6/2022 11:17:40 AM, 7/5/2022 8:35:24 AM, 7/1/2022 2:07:11 PM, 7/1/2022 8:05:37 AM, 6/30/2022 8:44:24 AM, 6/29/2022 11:11:29 AM",No
OUTLOOK.EXE-74475F66.pf,6/15/2022 8:22:06 AM,7/14/2022 8:01:18 AM,"104,285",OUTLOOK.EXE,C:\PROGRAM FILES\MICROSOFT OFFICE\root\Office16\OUTLOOK.EXE,40,"7/14/2022 8:01:11 AM, 7/13/2022 8:03:19 AM, 7/12/2022 5:09:53 PM, 7/12/2022 8:30:19 AM, 7/11/2022 7:59:45 AM, 7/7/2022 2:32:23 PM, 7/7/2022 12:18:09 PM, 7/7/2022 7:53:56 AM",No
PATCH64.EXE-8FDEA327.pf,7/14/2022 9:59:46 AM,7/14/2022 6:02:04 PM,"4,000",PATCH64.EXE,C:\PROGRAM FILES (X86)\TREND MICRO\SECURITY AGENT\patch64.exe,8,"7/14/2022 6:02:04 PM, 7/14/2022 4:01:28 PM, 7/14/2022 2:00:45 PM, 7/14/2022 2:00:44 PM, 7/14/2022 12:00:14 PM, 7/14/2022 10:04:28 AM, 7/14/2022 9:59:46 AM, 7/14/2022 9:59:46 AM",No
PCCNT.EXE-1D418CC5.pf,6/28/2022 3:14:31 PM,7/11/2022 8:16:47 AM,"53,076",PCCNT.EXE,C:\PROGRAM FILES (X86)\TREND MICRO\SECURITY AGENT\PccNt.exe,4,"7/11/2022 8:16:37 AM, 7/7/2022 10:57:17 AM, 6/28/2022 3:14:47 PM, 6/28/2022 3:14:21 PM",No
PERFWATSON2.EXE-C7015132.pf,7/14/2022 4:31:11 PM,7/14/2022 4:48:12 PM,"35,328",PERFWATSON2.EXE.CONFIG,C:\PROGRAM FILES\MICROSOFT VISUAL STUDIO\2022\COMMUNITY\Common7\IDE\PERFWATSON2.EXE.CONFIG,2,"7/14/2022 4:48:02 PM, 7/14/2022 4:31:00 PM",No
PING.EXE-167FE968.pf,7/14/2022 8:42:44 AM,7/14/2022 8:49:20 AM,"4,630",PING.EXE,C:\Windows\System32\PING.EXE,2,"7/14/2022 8:49:17 AM, 7/14/2022 8:42:34 AM",No
POLICYHOST.EXE-65358065.pf,7/14/2022 8:27:43 AM,7/14/2022 6:30:16 PM,"10,916",POLICYHOST.EXE,C:\PROGRAM FILES\MICROSOFT POLICY PLATFORM\POLICYHOST.EXE,9,"7/14/2022 6:30:06 PM, 7/14/2022 4:14:33 PM, 7/14/2022 2:49:49 PM, 7/14/2022 1:35:49 PM, 7/14/2022 12:21:33 PM, 7/14/2022 12:00:49 PM, 7/14/2022 11:31:49 AM, 7/14/2022 10:44:49 AM",No
POWERCFG.EXE-C4097EFB.pf,7/14/2022 9:15:10 AM,7/14/2022 9:15:10 AM,"11,776",POWERCFG.EXE,C:\Windows\System32\powercfg.exe,1,7/14/2022 9:15:06 AM,No
POWERSHELL.EXE-022A1004.pf,7/14/2022 8:34:43 AM,7/14/2022 6:31:13 PM,"63,771",POWERSHELL.EXE,C:\Windows\System32\WINDOWSPOWERSHELL\v1.0\POWERSHELL.EXE,6,"7/14/2022 6:31:08 PM, 7/14/2022 6:31:04 PM, 7/14/2022 4:35:43 PM, 7/14/2022 4:31:44 PM, 7/14/2022 12:34:43 PM, 7/14/2022 8:34:43 AM",No
PROCEXP64.EXE-89FF724C.pf,6/28/2022 10:10:18 AM,6/28/2022 10:10:18 AM,"13,543",PROCEXP64.EXE,C:\Users\npmoyer\AppData\Local\Temp\PROCEXP64.EXE,1,6/28/2022 10:10:08 AM,No
REGEDIT.EXE-246AC210.pf,7/5/2022 12:41:23 PM,7/11/2022 1:08:32 PM,"15,885",REGEDIT.EXE,C:\Windows\regedit.exe,3,"7/11/2022 1:08:21 PM, 7/7/2022 1:00:51 PM, 7/5/2022 12:41:13 PM",No
REMOTEOPVIEW-V230.EXE-511932B1.pf,6/16/2022 10:41:13 AM,6/16/2022 10:41:13 AM,"13,507",REMOTEOPVIEW-V230.EXE,C:\Temp\REMOTEOPVIEW-V230.EXE,1,6/16/2022 10:41:10 AM,No
RIGHT CLICK TOOLS DESKTOP.EXE-B52479BA.pf,6/21/2022 8:17:33 AM,7/13/2022 1:23:45 PM,"82,652",RIGHT CLICK TOOLS DESKTOP.EXE,C:\PROGRAM FILES (X86)\RECAST SOFTWARE\RECAST RCT\RIGHT CLICK TOOLS DESKTOP.EXE,10,"7/13/2022 1:23:34 PM, 7/7/2022 1:00:45 PM, 7/5/2022 12:41:10 PM, 7/5/2022 12:35:13 PM, 6/30/2022 10:51:37 AM, 6/29/2022 9:20:48 AM, 6/29/2022 9:20:22 AM, 6/29/2022 8:40:40 AM",No
RUNDLL32.EXE-250600B0.pf,6/15/2022 8:27:41 AM,6/15/2022 8:27:41 AM,"16,590",RUNDLL32.EXE,C:\Windows\SysWOW64\rundll32.exe,1,6/15/2022 8:27:35 AM,No
RUNDLL32.EXE-4499C2C5.pf,6/27/2022 8:30:44 AM,7/8/2022 8:46:02 AM,"12,846",RUNDLL32.EXE,C:\Windows\System32\rundll32.exe,5,"7/8/2022 8:45:52 AM, 7/6/2022 10:20:25 AM, 6/28/2022 3:06:48 PM, 6/28/2022 9:49:26 AM, 6/27/2022 8:30:34 AM",No
RUNDLL32.EXE-61EB51D2.pf,6/24/2022 7:57:51 AM,6/29/2022 1:04:46 PM,"24,025",RUNDLL32.EXE,C:\Windows\System32\rundll32.exe,3,"6/29/2022 1:04:36 PM, 6/29/2022 1:03:05 PM, 6/24/2022 7:57:40 AM",No
RUNDLL32.EXE-64C67CDF.pf,7/11/2022 8:44:50 AM,7/14/2022 4:46:48 PM,"7,633",RUNDLL32.EXE,C:\Windows\System32\rundll32.exe,2,"7/14/2022 4:46:43 PM, 7/11/2022 8:44:47 AM",No
RUNDLL32.EXE-7CE1537B.pf,7/14/2022 4:38:54 PM,7/14/2022 4:38:54 PM,"7,422",RUNDLL32.EXE,C:\Windows\System32\rundll32.exe,1,7/14/2022 4:38:54 PM,No
RUNDLL32.EXE-A3EE2396.pf,7/14/2022 2:11:40 PM,7/14/2022 2:11:40 PM,"5,134",RUNDLL32.EXE,C:\Windows\System32\rundll32.exe,1,7/14/2022 2:11:40 PM,No
RUNDLL32.EXE-A7A7517D.pf,7/14/2022 2:47:21 PM,7/14/2022 4:18:19 PM,"7,774",RUNDLL32.EXE,C:\Windows\System32\rundll32.exe,4,"7/14/2022 4:18:19 PM, 7/14/2022 3:46:09 PM, 7/14/2022 3:43:41 PM, 7/14/2022 2:47:21 PM",No
RUNDLL32.EXE-CB8DDACC.pf,7/14/2022 4:46:51 PM,7/14/2022 4:46:51 PM,"8,285",RUNDLL32.EXE,C:\Windows\System32\rundll32.exe,1,7/14/2022 4:46:50 PM,No
RUNDLL32.EXE-E21FB6BF.pf,7/14/2022 1:55:10 PM,7/14/2022 1:55:10 PM,"7,489",RUNDLL32.EXE,C:\Windows\System32\rundll32.exe,1,7/14/2022 1:55:10 PM,No
RUNDLL32.EXE-E848F3BC.pf,6/15/2022 2:45:35 PM,6/30/2022 10:49:34 AM,"12,695",RUNDLL32.EXE,C:\Windows\System32\rundll32.exe,2,"6/30/2022 10:49:24 AM, 6/15/2022 2:45:25 PM",No
RUNTIMEBROKER.EXE-39C1DDA0.pf,7/14/2022 8:58:56 AM,7/14/2022 6:35:32 PM,"7,040",RUNTIMEBROKER.EXE,C:\Windows\System32\RUNTIMEBROKER.EXE,70,"7/14/2022 6:35:22 PM, 7/14/2022 6:31:50 PM, 7/14/2022 6:27:16 PM, 7/14/2022 6:21:01 PM, 7/14/2022 6:04:45 PM, 7/14/2022 5:54:49 PM, 7/14/2022 5:36:39 PM, 7/14/2022 5:34:29 PM",No
RUNTIMEBROKER.EXE-A57EE15F.pf,7/14/2022 8:30:33 AM,7/14/2022 5:08:38 PM,"23,490",RUNTIMEBROKER.EXE,C:\Windows\System32\RUNTIMEBROKER.EXE,10,"7/14/2022 5:08:28 PM, 7/14/2022 5:06:08 PM, 7/14/2022 4:59:17 PM, 7/14/2022 4:01:19 PM, 7/14/2022 1:02:04 PM, 7/14/2022 12:01:43 PM, 7/14/2022 11:39:55 AM, 7/14/2022 8:40:34 AM",No
RUNTIMEBROKER.EXE-ABC992AB.pf,7/14/2022 9:38:11 AM,7/14/2022 9:38:11 AM,"22,252",RUNTIMEBROKER.EXE,C:\Windows\System32\RUNTIMEBROKER.EXE,1,7/14/2022 9:38:01 AM,No
RUNTIMEBROKER.EXE-B8DF36B4.pf,7/14/2022 8:34:44 AM,7/14/2022 8:34:44 AM,"21,443",RUNTIMEBROKER.EXE,C:\Windows\System32\RUNTIMEBROKER.EXE,1,7/14/2022 8:34:34 AM,No
SCANNER SOFTWARE NAPS2-6.1.2--0B99683F.pf,6/15/2022 8:49:51 AM,6/15/2022 8:49:51 AM,"6,961",SCANNER SOFTWARE NAPS2-6.1.2-SETUP.TMP,C:\USERS\NPMOYERA\APPDATA\LOCAL\TEMP\IS-6L2H9.TMP\SCANNER SOFTWARE NAPS2-6.1.2-SETUP.TMP,1,6/15/2022 8:49:41 AM,Yes
SCANNER SOFTWARE NAPS2-6.1.2--131A64D2.pf,6/15/2022 8:49:43 AM,6/15/2022 8:49:43 AM,"11,535",SCANNER SOFTWARE NAPS2-6.1.2-SETUP.TMP,C:\USERS\NPMOYER\APPDATA\LOCAL\TEMP\IS-2GF6P.TMP\SCANNER SOFTWARE NAPS2-6.1.2-SETUP.TMP,1,6/15/2022 8:49:33 AM,Yes
SCCLIENT.EXE-A5DA49D8.pf,6/14/2022 4:49:06 PM,7/5/2022 1:46:51 PM,"89,352",SCCLIENT.EXE,C:\Windows\CCM\ClientUX\SCClient.exe,11,"7/5/2022 1:46:41 PM, 6/30/2022 9:33:38 AM, 6/23/2022 7:28:38 AM, 6/21/2022 8:19:01 AM, 6/17/2022 8:29:59 AM, 6/16/2022 11:20:44 AM, 6/15/2022 2:44:22 PM, 6/15/2022 9:44:36 AM",No
SCHTASKS.EXE-BA1E321E.pf,7/14/2022 9:14:54 AM,7/14/2022 9:14:54 AM,"5,184",SCHTASKS.EXE,C:\Windows\System32\schtasks.exe,3,"7/14/2022 9:14:54 AM, 7/14/2022 9:14:54 AM, 7/14/2022 9:14:54 AM",No
SCRNSAVE.SCR-AE914591.pf,6/15/2022 4:49:12 PM,7/14/2022 3:15:41 PM,"4,610",SCRNSAVE.SCR,C:\Windows\System32\scrnsave.scr,39,"7/14/2022 3:15:36 PM, 7/14/2022 11:43:08 AM, 7/14/2022 9:37:55 AM, 7/13/2022 2:40:44 PM, 7/13/2022 11:36:30 AM, 7/12/2022 5:39:25 PM, 7/12/2022 4:54:47 PM, 7/12/2022 4:18:05 PM",No
SDXHELPER.EXE-44C67A38.pf,7/14/2022 9:55:54 AM,7/14/2022 4:29:34 PM,"13,704",SDXHELPER.EXE,C:\PROGRAM FILES\MICROSOFT OFFICE\root\Office16\SDXHELPER.EXE,4,"7/14/2022 4:29:24 PM, 7/14/2022 1:17:18 PM, 7/14/2022 11:33:41 AM, 7/14/2022 9:55:44 AM",No
SEARCHAPP.EXE-323BD72E.pf,6/14/2022 5:04:29 PM,6/17/2022 2:29:39 PM,"87,095",SEARCHAPP.EXE,C:\Windows\SYSTEMAPPS\MICROSOFT.WINDOWS.SEARCH_CW5N1H2TXYEWY\SEARCHAPP.EXE,5,"6/17/2022 2:29:29 PM, 6/15/2022 2:38:52 PM, 6/15/2022 12:24:22 AM, 6/15/2022 12:15:49 AM, 6/14/2022 5:04:08 PM",No
SEARCHAPP.EXE-3ACF34B3.pf,6/21/2022 7:59:11 AM,7/13/2022 6:02:46 PM,"103,699",SEARCHAPP.EXE,C:\Windows\SYSTEMAPPS\MICROSOFT.WINDOWS.SEARCH_CW5N1H2TXYEWY\SEARCHAPP.EXE,19,"7/13/2022 6:02:45 PM, 7/12/2022 3:47:54 PM, 7/11/2022 8:17:55 AM, 7/11/2022 7:59:36 AM, 7/7/2022 1:18:49 PM, 7/7/2022 12:17:04 PM, 7/7/2022 7:53:06 AM, 7/6/2022 10:33:08 AM",No
SEARCHFILTERHOST.EXE-10E4267C.pf,7/14/2022 8:25:02 AM,7/14/2022 6:36:28 PM,"4,021",SEARCHFILTERHOST.EXE,C:\Windows\System32\SEARCHFILTERHOST.EXE,79,"7/14/2022 6:36:18 PM, 7/14/2022 6:32:46 PM, 7/14/2022 6:30:24 PM, 7/14/2022 6:21:47 PM, 7/14/2022 6:10:23 PM, 7/14/2022 5:57:50 PM, 7/14/2022 5:55:17 PM, 7/14/2022 5:51:48 PM",No
SEARCHPROTOCOLHOST.EXE-C6CFE2A8.pf,7/14/2022 8:25:02 AM,7/14/2022 6:30:34 PM,"11,890",SEARCHPROTOCOLHOST.EXE,C:\Windows\System32\SEARCHPROTOCOLHOST.EXE,68,"7/14/2022 6:30:24 PM, 7/14/2022 6:21:47 PM, 7/14/2022 6:10:23 PM, 7/14/2022 5:57:50 PM, 7/14/2022 5:55:17 PM, 7/14/2022 5:49:47 PM, 7/14/2022 5:36:36 PM, 7/14/2022 5:25:53 PM",No
SECHEALTHUI.EXE-A675F0EF.pf,6/28/2022 3:16:36 PM,6/28/2022 3:16:36 PM,"29,936",SECHEALTHUI.EXE,C:\Windows\SYSTEMAPPS\MICROSOFT.WINDOWS.SECHEALTHUI_CW5N1H2TXYEWY\SECHEALTHUI.EXE,1,6/28/2022 3:16:27 PM,No
SELFSERVICE.EXE-5FE80FF7.pf,7/14/2022 8:08:54 AM,7/14/2022 6:09:14 PM,"20,278",SELFSERVICE.EXE.CONFIG,C:\PROGRAM FILES (X86)\Citrix\ICA CLIENT\SELFSERVICEPLUGIN\SELFSERVICE.EXE.CONFIG,13,"7/14/2022 6:09:13 PM, 7/14/2022 5:09:13 PM, 7/14/2022 4:23:37 PM, 7/14/2022 4:09:13 PM, 7/14/2022 3:09:13 PM, 7/14/2022 2:09:13 PM, 7/14/2022 1:09:13 PM, 7/14/2022 12:09:13 PM",No
SERVICEHUB.DATAWAREHOUSEHOST.-DDA7B862.pf,7/14/2022 4:48:01 PM,7/14/2022 4:48:54 PM,"69,140",SERVICEHUB.DATAWAREHOUSEHOST.EXE,C:\PROGRAM FILES\MICROSOFT VISUAL STUDIO\2022\COMMUNITY\Common7\SERVICEHUB\Hosts\SERVICEHUB.HOST.CLR.X64\SERVICEHUB.DATAWAREHOUSEHOST.EXE,2,"7/14/2022 4:48:44 PM, 7/14/2022 4:47:50 PM",No
SERVICEHUB.HOST.CLR.EXE-5F535531.pf,7/14/2022 4:31:39 PM,7/14/2022 4:48:19 PM,"27,715",SERVICEHUB.HOST.CLR.EXE,C:\PROGRAM FILES\MICROSOFT VISUAL STUDIO\2022\COMMUNITY\Common7\SERVICEHUB\Hosts\SERVICEHUB.HOST.CORECLR\SERVICEHUB.HOST.CLR.EXE,2,"7/14/2022 4:48:09 PM, 7/14/2022 4:31:28 PM",No
SERVICEHUB.HOST.CLR.X64.EXE-DE8B7664.pf,7/14/2022 4:31:37 PM,7/14/2022 4:48:25 PM,"60,185",SERVICEHUB.HOST.CLR.X64.EXE,C:\PROGRAM FILES\MICROSOFT VISUAL STUDIO\2022\COMMUNITY\Common7\SERVICEHUB\Hosts\SERVICEHUB.HOST.CLR.X64\SERVICEHUB.HOST.CLR.X64.EXE,2,"7/14/2022 4:48:15 PM, 7/14/2022 4:31:26 PM",No
SERVICEHUB.HOST.CLR.X86.EXE-74853A6C.pf,7/14/2022 4:31:38 PM,7/14/2022 4:48:25 PM,"83,422",SERVICEHUB.HOST.CLR.X86.EXE,C:\PROGRAM FILES\MICROSOFT VISUAL STUDIO\2022\COMMUNITY\Common7\SERVICEHUB\Hosts\SERVICEHUB.HOST.CLR.X86\SERVICEHUB.HOST.CLR.X86.EXE,3,"7/14/2022 4:48:15 PM, 7/14/2022 4:48:15 PM, 7/14/2022 4:31:26 PM",No
SERVICEHUB.IDENTITYHOST.EXE-687EB0EF.pf,7/14/2022 4:31:30 PM,7/14/2022 4:48:17 PM,"75,537",SERVICEHUB.IDENTITYHOST.EXE,C:\PROGRAM FILES\MICROSOFT VISUAL STUDIO\2022\COMMUNITY\Common7\SERVICEHUB\Hosts\SERVICEHUB.HOST.CLR.X86\SERVICEHUB.IDENTITYHOST.EXE,2,"7/14/2022 4:48:07 PM, 7/14/2022 4:31:17 PM",No
SERVICEHUB.INDEXINGSERVICE.EX-1CDBC5E3.pf,7/14/2022 4:31:30 PM,7/14/2022 4:48:18 PM,"33,306",SERVICEHUB.INDEXINGSERVICE.EXE,C:\PROGRAM FILES\MICROSOFT VISUAL STUDIO\2022\COMMUNITY\Common7\SERVICEHUB\Hosts\SERVICEHUB.HOST.CORECLR\SERVICEHUB.INDEXINGSERVICE.EXE,2,"7/14/2022 4:48:08 PM, 7/14/2022 4:31:19 PM",No
SERVICEHUB.ROSLYNCODEANALYSIS-A016E09C.pf,7/14/2022 4:31:12 PM,7/14/2022 4:48:06 PM,"87,137",SERVICEHUB.ROSLYNCODEANALYSISSERVICE.EXE,C:\PROGRAM FILES\MICROSOFT VISUAL STUDIO\2022\COMMUNITY\Common7\SERVICEHUB\Hosts\SERVICEHUB.HOST.CLR.ANYCPU\SERVICEHUB.ROSLYNCODEANALYSISSERVICE.EXE,2,"7/14/2022 4:48:04 PM, 7/14/2022 4:31:08 PM",No
SERVICEHUB.SETTINGSHOST.EXE-7F7DB6DA.pf,7/14/2022 4:48:18 PM,7/14/2022 4:48:18 PM,"82,885",SERVICEHUB.SETTINGSHOST.EXE,C:\PROGRAM FILES\MICROSOFT VISUAL STUDIO\2022\COMMUNITY\Common7\SERVICEHUB\Hosts\SERVICEHUB.HOST.CLR.X86\SERVICEHUB.SETTINGSHOST.EXE,1,7/14/2022 4:48:12 PM,No
SERVICEHUB.TESTWINDOWSTOREHOS-E4051BA0.pf,7/14/2022 4:31:47 PM,7/14/2022 4:48:29 PM,"57,073",SERVICEHUB.TESTWINDOWSTOREHOST.EXE,C:\PROGRAM FILES\MICROSOFT VISUAL STUDIO\2022\COMMUNITY\Common7\SERVICEHUB\Hosts\SERVICEHUB.HOST.CLR.ANYCPU\SERVICEHUB.TESTWINDOWSTOREHOST.EXE,2,"7/14/2022 4:48:19 PM, 7/14/2022 4:31:36 PM",No
SERVICEHUB.THREADEDWAITDIALOG-5452EFCD.pf,7/14/2022 4:31:14 PM,7/14/2022 4:48:15 PM,"75,067",SERVICEHUB.THREADEDWAITDIALOG.EXE,C:\PROGRAM FILES\MICROSOFT VISUAL STUDIO\2022\COMMUNITY\Common7\SERVICEHUB\Hosts\SERVICEHUB.HOST.CLR.X86\SERVICEHUB.THREADEDWAITDIALOG.EXE,2,"7/14/2022 4:48:04 PM, 7/14/2022 4:31:06 PM",No
SETUP.EXE-03E392C2.pf,6/16/2022 10:41:32 AM,6/16/2022 10:41:32 AM,"17,179",SETUP.EXE,C:\Temp\REMOTEOPVIEW-V230\Setup.exe,1,6/16/2022 10:41:27 AM,No
SETUP.EXE-1BBB52BE.pf,6/15/2022 8:45:40 AM,6/15/2022 8:45:40 AM,"18,306",SETUP.EXE,C:\USERS\NPMOYERA\APPDATA\LOCAL\TEMP\7Z421AA1D8\SETUP.EXE,1,6/15/2022 8:45:30 AM,Yes
SETUP.EXE-A0E00EE4.pf,6/15/2022 8:49:01 AM,6/15/2022 8:49:18 AM,"61,396",,,2,"6/15/2022 8:49:13 AM, 6/15/2022 8:48:55 AM",No
SETUP.EXE-ADE7B6EE.pf,6/17/2022 3:14:44 PM,6/17/2022 3:14:44 PM,"12,967",SETUP.EXE,C:\Users\npmoyer\AppData\Local\Temp\7zS3562\HPEASYSTART\Setup.exe,1,6/17/2022 3:14:40 PM,No
SETUP.EXE-C8DCBE7F.pf,6/27/2022 2:19:32 PM,6/27/2022 2:19:32 PM,"8,612",SETUP.EXE,C:\Users\npmoyer\DOWNLOADS\MD__-WIN-G7000-1_00-EA34_2\DrvSetup\SETUP.exe,1,6/27/2022 2:19:22 PM,No
SETUP64.EXE-46058E2A.pf,6/28/2022 3:04:22 PM,6/28/2022 3:04:22 PM,"10,001",SETUP64.EXE,C:\USERS\NPMOYERA\APPDATA\LOCAL\TEMP\7Z35F86FCC\SETUP64.EXE,1,6/28/2022 3:04:12 PM,Yes
SETUP64.EXE-8DF66E71.pf,6/27/2022 2:19:33 PM,6/27/2022 2:19:33 PM,"14,024",SETUP64.EXE,C:\Users\npmoyer\DOWNLOADS\MD__-WIN-G7000-1_00-EA34_2\DrvSetup\SETUP64.exe,1,6/27/2022 2:19:23 PM,No
SETUP64.EXE-C8A586E1.pf,6/28/2022 3:02:48 PM,6/28/2022 3:02:48 PM,"9,985",SETUP64.EXE,C:\USERS\NPMOYERA\APPDATA\LOCAL\TEMP\7Z01C24234\SETUP64.EXE,1,6/28/2022 3:02:38 PM,Yes
SHELLEXPERIENCEHOST.EXE-11794028.pf,6/14/2022 4:36:13 PM,7/13/2022 3:28:53 PM,"43,646",SHELLEXPERIENCEHOST.EXE,C:\Windows\SYSTEMAPPS\SHELLEXPERIENCEHOST_CW5N1H2TXYEWY\SHELLEXPERIENCEHOST.EXE,21,"7/13/2022 3:28:43 PM, 7/13/2022 8:09:59 AM, 7/12/2022 8:31:57 AM, 7/11/2022 8:06:36 AM, 7/7/2022 1:18:51 PM, 7/7/2022 12:18:02 PM, 7/7/2022 7:53:16 AM, 7/5/2022 7:57:17 AM",No
SHOWMSG.EXE-302BDB9A.pf,6/15/2022 8:46:10 AM,7/14/2022 8:01:01 AM,"8,235",SHOWMSG.EXE,C:\Windows\System32\ShowMsg.exe,25,"7/14/2022 8:00:51 AM, 7/13/2022 6:05:53 PM, 7/13/2022 3:14:24 PM, 7/12/2022 5:11:32 PM, 7/12/2022 8:32:16 AM, 7/7/2022 1:21:29 PM, 7/7/2022 12:18:30 PM, 7/7/2022 7:55:37 AM",No
SIHOST.EXE-F66A4D44.pf,6/15/2022 8:44:14 AM,7/14/2022 8:00:32 AM,"19,730",SIHOST.EXE,C:\Windows\System32\sihost.exe,7,"7/14/2022 8:00:22 AM, 7/12/2022 8:29:58 AM, 7/5/2022 4:26:58 PM, 6/24/2022 8:45:59 AM, 6/24/2022 6:58:14 AM, 6/21/2022 8:24:23 AM, 6/15/2022 8:44:04 AM",No
SMARTSCREEN.EXE-3A39E32D.pf,7/14/2022 8:39:39 AM,7/14/2022 6:30:03 PM,"15,300",SMARTSCREEN.EXE,C:\Windows\System32\SMARTSCREEN.EXE,10,"7/14/2022 6:29:53 PM, 7/14/2022 6:21:45 PM, 7/14/2022 5:41:31 PM, 7/14/2022 5:17:34 PM, 7/14/2022 4:48:47 PM, 7/14/2022 4:40:24 PM, 7/14/2022 4:30:21 PM, 7/14/2022 4:23:36 PM",No
SNDVOL.EXE-276AC160.pf,6/27/2022 10:57:24 AM,6/28/2022 10:36:24 AM,"14,396",SNDVOL.EXE,C:\Windows\System32\SndVol.exe,2,"6/28/2022 10:36:19 AM, 6/27/2022 10:57:14 AM",No
SNIPPINGTOOL.EXE-74818B88.pf,6/15/2022 1:30:54 PM,7/14/2022 8:45:25 AM,"17,699",SNIPPINGTOOL.EXE,C:\Windows\System32\SNIPPINGTOOL.EXE,21,"7/14/2022 8:45:15 AM, 7/13/2022 4:47:22 PM, 7/13/2022 1:21:51 PM, 7/12/2022 10:17:34 AM, 7/8/2022 2:09:05 PM, 7/5/2022 8:02:32 AM, 7/1/2022 7:44:40 AM, 6/29/2022 11:41:36 AM",No
SP135945.EXE-43F738FE.pf,6/21/2022 5:11:56 PM,6/21/2022 5:11:56 PM,"33,789",SP135945.EXE,C:\Users\npmoyer\DOWNLOADS\sp135945.exe,1,6/21/2022 5:11:51 PM,No
SP138337 (1).EXE-C2CD5A36.pf,7/13/2022 12:09:00 PM,7/13/2022 12:09:00 PM,"9,017",SP138337 (1).EXE,C:\Users\npmoyer\DOWNLOADS\SP138337 (1).EXE,1,7/13/2022 12:08:52 PM,No
SPLWOW64.EXE-853292E2.pf,7/14/2022 4:24:13 PM,7/14/2022 4:24:13 PM,"8,087",SPLWOW64.EXE,C:\Windows\splwow64.exe,1,7/14/2022 4:24:03 PM,No
SPPSVC.EXE-7B160CA5.pf,7/14/2022 9:15:04 AM,7/14/2022 6:36:27 PM,"7,256",SPPSVC.EXE,C:\Windows\System32\sppsvc.exe,20,"7/14/2022 6:36:17 PM, 7/14/2022 6:31:55 PM, 7/14/2022 5:42:10 PM, 7/14/2022 5:31:28 PM, 7/14/2022 5:07:33 PM, 7/14/2022 4:45:23 PM, 7/14/2022 4:27:36 PM, 7/14/2022 4:02:46 PM",No
SQUIRREL.EXE-05338B79.pf,7/14/2022 4:32:52 PM,7/14/2022 4:32:52 PM,"13,123",SQUIRREL.EXE,C:\Users\npmoyer\AppData\Local\GITHUBDESKTOP\APP-3.0.5\squirrel.exe,1,7/14/2022 4:32:47 PM,No
SSMS.EXE-7CCAB632.pf,6/15/2022 8:56:27 AM,7/13/2022 10:32:13 AM,"92,688",SSMS.EXE,C:\PROGRAM FILES (X86)\MICROSOFT SQL SERVER MANAGEMENT STUDIO 18\Common7\IDE\Ssms.exe,14,"7/13/2022 10:32:02 AM, 7/11/2022 4:44:41 PM, 7/7/2022 9:16:31 AM, 6/24/2022 8:05:18 AM, 6/23/2022 3:46:38 PM, 6/21/2022 4:30:00 PM, 6/21/2022 3:08:29 PM, 6/17/2022 1:31:48 PM",No
STANDARDCOLLECTOR.SERVICE.EXE-1A2DCA1C.pf,7/14/2022 4:48:01 PM,7/14/2022 6:30:03 PM,"13,001",STANDARDCOLLECTOR.SERVICE.EXE,C:\PROGRAM FILES (X86)\MICROSOFT VISUAL STUDIO\Shared\Common\DIAGNOSTICSHUB.COLLECTION.SERVICE\STANDARDCOLLECTOR.SERVICE.EXE,15,"7/14/2022 6:29:53 PM, 7/14/2022 6:15:23 PM, 7/14/2022 6:05:35 PM, 7/14/2022 6:03:29 PM, 7/14/2022 5:57:56 PM, 7/14/2022 5:51:57 PM, 7/14/2022 5:49:42 PM, 7/14/2022 5:47:55 PM",No
STARTMENUEXPERIENCEHOST.EXE-E6A3FE66.pf,6/14/2022 4:34:52 PM,7/13/2022 3:12:50 PM,"45,449",STARTMENUEXPERIENCEHOST.EXE,C:\Windows\SYSTEMAPPS\MICROSOFT.WINDOWS.STARTMENUEXPERIENCEHOST_CW5N1H2TXYEWY\STARTMENUEXPERIENCEHOST.EXE,20,"7/13/2022 3:12:39 PM, 7/11/2022 7:59:35 AM, 7/7/2022 1:18:47 PM, 7/7/2022 7:53:05 AM, 7/6/2022 10:33:07 AM, 7/5/2022 7:56:49 AM, 7/1/2022 7:43:48 AM, 6/29/2022 9:13:03 AM",No
STARTRINITY.CONTINUOUSSPEEDTE-147EB0F2.pf,7/5/2022 1:35:11 PM,7/5/2022 1:35:11 PM,"42,358",STARTRINITY.CONTINUOUSSPEEDTEST.EXE,C:\PROGRAM FILES\STARTRINITY CST\STARTRINITY.CONTINUOUSSPEEDTEST.EXE,1,7/5/2022 1:35:01 PM,No
STARTRINITY.INSTALLER.EXE-455D613D.pf,7/5/2022 1:34:15 PM,7/5/2022 1:34:30 PM,"38,460",STARTRINITY.INSTALLER.EXE,C:\Temp\STAR TRINITY CONTINUOUS SPEED TEST\STARTRINITY.INSTALLER.EXE,2,"7/5/2022 1:34:20 PM, 7/5/2022 1:34:05 PM",No
SVCHOST.EXE-0899ADC1.pf,7/14/2022 3:56:41 PM,7/14/2022 3:56:41 PM,"2,913",SVCHOST.EXE,C:\Windows\System32\svchost.exe,1,7/14/2022 3:56:30 PM,No
SVCHOST.EXE-09EC5BA0.pf,7/14/2022 1:54:52 PM,7/14/2022 4:38:59 PM,"7,823",SVCHOST.EXE,C:\Windows\System32\svchost.exe,2,"7/14/2022 4:38:49 PM, 7/14/2022 1:54:42 PM",No
SVCHOST.EXE-13513D0B.pf,7/14/2022 1:54:52 PM,7/14/2022 1:54:52 PM,"5,137",SVCHOST.EXE,C:\Windows\System32\svchost.exe,1,7/14/2022 1:54:42 PM,No
SVCHOST.EXE-2A1DD903.pf,7/14/2022 8:39:13 AM,7/14/2022 6:30:07 PM,"22,376",SVCHOST.EXE,C:\Windows\System32\svchost.exe,13,"7/14/2022 6:29:57 PM, 7/14/2022 5:57:52 PM, 7/14/2022 5:47:32 PM, 7/14/2022 5:36:28 PM, 7/14/2022 4:17:53 PM, 7/14/2022 3:56:29 PM, 7/14/2022 2:37:52 PM, 7/14/2022 2:24:28 PM",No
SVCHOST.EXE-2A860319.pf,7/14/2022 1:25:05 PM,7/14/2022 1:25:05 PM,"4,085",SVCHOST.EXE,C:\Windows\System32\svchost.exe,1,7/14/2022 1:24:55 PM,No
SVCHOST.EXE-469DC83C.pf,7/14/2022 10:22:33 AM,7/14/2022 4:27:42 PM,"19,732",SVCHOST.EXE,C:\Windows\System32\svchost.exe,3,"7/14/2022 4:27:34 PM, 7/14/2022 3:00:04 PM, 7/14/2022 10:22:23 AM",No
SVCHOST.EXE-4CAD656A.pf,7/14/2022 3:56:36 PM,7/14/2022 4:29:28 PM,"8,874",SVCHOST.EXE,C:\Windows\System32\svchost.exe,2,"7/14/2022 4:29:17 PM, 7/14/2022 3:56:24 PM",No
SVCHOST.EXE-60F5DE2F.pf,7/14/2022 8:23:39 AM,7/14/2022 6:30:33 PM,"4,066",SVCHOST.EXE,C:\Windows\System32\svchost.exe,48,"7/14/2022 6:30:23 PM, 7/14/2022 6:21:54 PM, 7/14/2022 6:02:34 PM, 7/14/2022 5:55:17 PM, 7/14/2022 5:49:47 PM, 7/14/2022 5:37:07 PM, 7/14/2022 5:04:31 PM, 7/14/2022 4:57:19 PM",No
SVCHOST.EXE-7218DCB2.pf,7/14/2022 4:29:27 PM,7/14/2022 4:29:27 PM,"8,953",SVCHOST.EXE,C:\Windows\System32\svchost.exe,1,7/14/2022 4:29:17 PM,No
SVCHOST.EXE-72547F04.pf,7/14/2022 8:30:33 AM,7/14/2022 6:27:25 PM,"7,596",SVCHOST.EXE,C:\Windows\System32\svchost.exe,21,"7/14/2022 6:27:15 PM, 7/14/2022 6:21:00 PM, 7/14/2022 5:34:28 PM, 7/14/2022 5:17:30 PM, 7/14/2022 4:57:19 PM, 7/14/2022 3:51:47 PM, 7/14/2022 3:38:06 PM, 7/14/2022 3:27:41 PM",No
SVCHOST.EXE-824BF13F.pf,7/14/2022 9:40:54 AM,7/14/2022 4:39:08 PM,"5,972",SVCHOST.EXE,C:\Windows\System32\svchost.exe,4,"7/14/2022 4:38:58 PM, 7/14/2022 3:57:55 PM, 7/14/2022 2:03:11 PM, 7/14/2022 9:40:43 AM",No
SVCHOST.EXE-874EA4F5.pf,7/14/2022 8:34:43 AM,7/14/2022 4:34:27 PM,"4,118",SVCHOST.EXE,C:\Windows\System32\svchost.exe,32,"7/14/2022 4:34:17 PM, 7/14/2022 4:23:17 PM, 7/14/2022 4:05:17 PM, 7/14/2022 4:01:20 PM, 7/14/2022 3:55:47 PM, 7/14/2022 3:50:19 PM, 7/14/2022 3:24:00 PM, 7/14/2022 3:18:32 PM",No
SVCHOST.EXE-AB62BD9E.pf,7/14/2022 3:57:45 PM,7/14/2022 4:31:02 PM,"3,796",SVCHOST.EXE,C:\Windows\System32\svchost.exe,5,"7/14/2022 4:30:52 PM, 7/14/2022 4:29:15 PM, 7/14/2022 4:03:02 PM, 7/14/2022 4:01:07 PM, 7/14/2022 3:57:35 PM",No
SVCHOST.EXE-B34B6FD4.pf,7/14/2022 8:31:04 AM,7/14/2022 9:01:58 AM,"9,232",SVCHOST.EXE,C:\Windows\System32\svchost.exe,3,"7/14/2022 9:01:48 AM, 7/14/2022 8:42:02 AM, 7/14/2022 8:30:54 AM",No
SVCHOST.EXE-B3BBCD8C.pf,7/14/2022 8:33:12 AM,7/14/2022 5:43:38 PM,"5,031",SVCHOST.EXE,C:\Windows\System32\svchost.exe,27,"7/14/2022 5:43:28 PM, 7/14/2022 5:20:51 PM, 7/14/2022 5:12:41 PM, 7/14/2022 4:58:31 PM, 7/14/2022 3:52:37 PM, 7/14/2022 3:09:52 PM, 7/14/2022 2:49:10 PM, 7/14/2022 2:37:09 PM",No
SVCHOST.EXE-C26DD1EF.pf,7/14/2022 4:48:47 PM,7/14/2022 4:48:47 PM,"4,921",SVCHOST.EXE,C:\Windows\System32\svchost.exe,1,7/14/2022 4:48:36 PM,No
SVCHOST.EXE-C5EEC15E.pf,7/14/2022 1:16:20 PM,7/14/2022 6:32:06 PM,"3,605",SVCHOST.EXE,C:\Windows\System32\svchost.exe,5,"7/14/2022 6:31:56 PM, 7/14/2022 4:37:57 PM, 7/14/2022 3:59:14 PM, 7/14/2022 3:04:14 PM, 7/14/2022 1:16:10 PM",No
SVCHOST.EXE-DF094E96.pf,7/14/2022 4:39:08 PM,7/14/2022 4:39:08 PM,"5,065",SVCHOST.EXE,C:\Windows\System32\svchost.exe,1,7/14/2022 4:38:58 PM,No
SVCHOST.EXE-E6789326.pf,7/14/2022 11:58:26 AM,7/14/2022 4:23:47 PM,"10,371",SVCHOST.EXE,C:\Windows\System32\svchost.exe,5,"7/14/2022 4:23:36 PM, 7/14/2022 4:01:20 PM, 7/14/2022 3:56:42 PM, 7/14/2022 1:02:04 PM, 7/14/2022 11:58:15 AM",No
SVCHOST.EXE-E75DDD99.pf,7/14/2022 10:00:33 AM,7/14/2022 10:00:33 AM,"5,008",SVCHOST.EXE,C:\Windows\System32\svchost.exe,1,7/14/2022 10:00:23 AM,No
SVCHOST.EXE-E9688004.pf,7/14/2022 3:57:12 PM,7/14/2022 3:57:12 PM,"4,741",SVCHOST.EXE,C:\Windows\System32\svchost.exe,1,7/14/2022 3:57:01 PM,No
SVCHOST.EXE-F71A6821.pf,7/14/2022 8:29:11 AM,7/14/2022 6:07:13 PM,"8,794",SVCHOST.EXE,C:\Windows\System32\svchost.exe,4,"7/14/2022 6:07:03 PM, 7/14/2022 3:58:30 PM, 7/14/2022 12:29:02 PM, 7/14/2022 8:29:01 AM",No
SVCHOST.EXE-FEA1FDBE.pf,7/14/2022 3:56:36 PM,7/14/2022 4:49:39 PM,"4,111",SVCHOST.EXE,C:\Windows\System32\svchost.exe,3,"7/14/2022 4:49:29 PM, 7/14/2022 4:29:26 PM, 7/14/2022 3:56:26 PM",No
SVCHOST.EXE-FF4C268B.pf,7/14/2022 8:32:31 AM,7/14/2022 5:43:01 PM,"5,705",SVCHOST.EXE,C:\Windows\System32\svchost.exe,29,"7/14/2022 5:42:51 PM, 7/14/2022 5:20:41 PM, 7/14/2022 5:12:31 PM, 7/14/2022 4:58:31 PM, 7/14/2022 4:02:37 PM, 7/14/2022 3:51:52 PM, 7/14/2022 3:09:10 PM, 7/14/2022 2:49:09 PM",No
SYNTPENH.EXE-5560EC17.pf,6/21/2022 5:01:02 PM,7/13/2022 6:02:00 PM,"3,467",SYNTPENH.EXE,C:\Windows\System32\SynTPEnh.exe,15,"7/13/2022 6:02:00 PM, 7/12/2022 6:05:15 PM, 7/10/2022 6:20:29 PM, 7/7/2022 1:17:41 PM, 7/6/2022 9:05:24 PM, 7/6/2022 10:31:27 AM, 7/4/2022 8:54:18 PM, 7/4/2022 8:54:13 PM",No
SYSTEMSETTINGS.EXE-7A398F22.pf,6/15/2022 8:30:04 AM,7/13/2022 3:52:45 PM,"75,495",SYSTEMSETTINGS.EXE,C:\Windows\IMMERSIVECONTROLPANEL\SYSTEMSETTINGS.EXE,11,"7/13/2022 3:52:35 PM, 7/13/2022 12:07:04 PM, 6/22/2022 4:02:17 PM, 6/17/2022 8:43:13 AM, 6/16/2022 1:19:56 PM, 6/16/2022 1:19:33 PM, 6/15/2022 2:39:00 PM, 6/15/2022 10:58:00 AM",No
SYSTEMSETTINGSBROKER.EXE-4BB8D329.pf,7/14/2022 4:48:47 PM,7/14/2022 4:48:47 PM,"20,068",SYSTEMSETTINGSBROKER.EXE,C:\Windows\System32\SYSTEMSETTINGSBROKER.EXE,1,7/14/2022 4:48:37 PM,No
TASKHOSTW.EXE-1EAF2222.pf,7/14/2022 8:34:34 AM,7/14/2022 5:58:12 PM,"23,117",TASKHOSTW.EXE,C:\Windows\System32\TASKHOSTW.EXE,47,"7/14/2022 5:58:12 PM, 7/14/2022 5:42:10 PM, 7/14/2022 5:31:27 PM, 7/14/2022 5:07:32 PM, 7/14/2022 4:45:23 PM, 7/14/2022 4:37:57 PM, 7/14/2022 4:29:17 PM, 7/14/2022 4:23:16 PM",No
TASKMGR.EXE-39AABA37.pf,6/17/2022 3:07:50 PM,7/7/2022 2:32:50 PM,"55,679",TASKMGR.EXE,C:\Windows\System32\Taskmgr.exe,9,"7/7/2022 2:32:40 PM, 7/4/2022 8:53:54 PM, 7/4/2022 8:51:47 PM, 6/28/2022 10:06:57 AM, 6/27/2022 3:19:54 PM, 6/27/2022 2:29:08 PM, 6/24/2022 9:24:21 AM, 6/22/2022 7:34:41 AM",No
TEAMS.EXE-7A47C5E0.pf,6/21/2022 8:24:58 AM,7/13/2022 3:43:29 PM,"43,464",TEAMS.EXE,C:\Users\npmoyer\AppData\Local\MICROSOFT\Teams\current\Teams.exe,25,"7/13/2022 3:43:22 PM, 7/13/2022 8:03:42 AM, 7/12/2022 5:09:31 PM, 7/12/2022 2:17:42 PM, 7/12/2022 8:30:40 AM, 7/12/2022 8:30:31 AM, 7/11/2022 8:00:09 AM, 7/11/2022 8:00:03 AM",No
TEAMS.EXE-7A47C5E1.pf,7/14/2022 8:22:39 AM,7/14/2022 6:37:11 PM,"7,217",TEAMS.EXE,C:\Users\npmoyer\AppData\Local\MICROSOFT\Teams\current\Teams.exe,135,"7/14/2022 6:37:01 PM, 7/14/2022 6:34:21 PM, 7/14/2022 6:32:20 PM, 7/14/2022 6:30:20 PM, 7/14/2022 6:26:20 PM, 7/14/2022 6:22:59 PM, 7/14/2022 6:20:19 PM, 7/14/2022 6:18:18 PM",No
TEAMS.EXE-7A47C5E8.pf,7/14/2022 11:16:15 AM,7/14/2022 5:42:19 PM,"14,879",TEAMS.EXE,C:\Users\npmoyer\AppData\Local\MICROSOFT\Teams\current\Teams.exe,5,"7/14/2022 5:42:19 PM, 7/14/2022 4:29:18 PM, 7/14/2022 3:56:24 PM, 7/14/2022 2:42:19 PM, 7/14/2022 11:16:15 AM",No
TIWORKER.EXE-A54AAE46.pf,7/14/2022 8:29:15 AM,7/14/2022 6:31:18 PM,"23,603",TIWORKER.EXE,C:\Windows\WinSxS\AMD64_MICROSOFT-WINDOWS-SERVICINGSTACK_31BF3856AD364E35_10.0.19041.1737_NONE_7DEC0D8C7CA729DE\TiWorker.exe,27,"7/14/2022 6:31:08 PM, 7/14/2022 4:29:19 PM, 7/14/2022 3:58:46 PM, 7/14/2022 3:55:47 PM, 7/14/2022 3:50:19 PM, 7/14/2022 3:24:00 PM, 7/14/2022 3:18:33 PM, 7/14/2022 3:09:36 PM",No
TMOPEXTINS.EXE-3E8F80E4.pf,7/14/2022 9:59:35 AM,7/14/2022 6:01:56 PM,"4,985",TMOPEXTINS.EXE,C:\PROGRAM FILES (X86)\TREND MICRO\SECURITY AGENT\TMOPEXTINS.EXE,15,"7/14/2022 6:01:56 PM, 7/14/2022 4:01:13 PM, 7/14/2022 2:00:33 PM, 7/14/2022 12:00:05 PM, 7/14/2022 11:35:36 AM, 7/14/2022 10:04:27 AM, 7/14/2022 10:04:27 AM, 7/14/2022 10:04:19 AM",No
TMOPEXTINS32.EXE-6AB49EC5.pf,7/14/2022 9:59:35 AM,7/14/2022 6:01:56 PM,"4,882",TMOPEXTINS32.EXE,C:\PROGRAM FILES (X86)\TREND MICRO\SECURITY AGENT\TMOPEXTINS32.EXE,15,"7/14/2022 6:01:56 PM, 7/14/2022 4:01:14 PM, 7/14/2022 2:00:33 PM, 7/14/2022 12:00:05 PM, 7/14/2022 11:35:36 AM, 7/14/2022 10:04:27 AM, 7/14/2022 10:04:27 AM, 7/14/2022 10:04:19 AM",No
TROLLEYEXPRESS.EXE-D77026EE.pf,6/23/2022 7:32:08 AM,6/27/2022 3:18:08 PM,"12,589",TROLLEYEXPRESS.EXE,C:\PROGRAM FILES (X86)\CITRIX\CITRIX WORKSPACE 2205\TROLLEYEXPRESS.EXE,2,"6/27/2022 3:17:58 PM, 6/23/2022 7:31:58 AM",Yes
TRUSTEDINSTALLER.EXE-B018CCBF.pf,7/14/2022 8:29:15 AM,7/14/2022 6:31:18 PM,"4,449",TRUSTEDINSTALLER.EXE,C:\Windows\SERVICING\TRUSTEDINSTALLER.EXE,28,"7/14/2022 6:31:07 PM, 7/14/2022 4:27:49 PM, 7/14/2022 3:58:46 PM, 7/14/2022 3:55:47 PM, 7/14/2022 3:50:19 PM, 7/14/2022 3:24:00 PM, 7/14/2022 3:18:33 PM, 7/14/2022 3:09:36 PM",No
TSPROGRESSUI.EXE-8C6D7BF9.pf,6/21/2022 8:19:13 AM,6/21/2022 8:21:53 AM,"9,394",TSPROGRESSUI.EXE,C:\Windows\CCM\TSPROGRESSUI.EXE,3,"6/21/2022 8:21:53 AM, 6/21/2022 8:19:30 AM, 6/21/2022 8:19:13 AM",No
UPDATE.EXE-C7ABD637.pf,7/14/2022 4:30:30 PM,7/14/2022 4:32:48 PM,"33,529",UPDATE.EXE,C:\Users\npmoyer\AppData\Local\GITHUBDESKTOP\Update.exe,2,"7/14/2022 4:32:47 PM, 7/14/2022 4:30:27 PM",No
UPDATETRUSTEDSITES.EXE-2341D8DD.pf,7/14/2022 8:30:03 AM,7/14/2022 6:30:42 PM,"6,712",UPDATETRUSTEDSITES.EXE,C:\Windows\CCM\UPDATETRUSTEDSITES.EXE,41,"7/14/2022 6:30:42 PM, 7/14/2022 6:15:41 PM, 7/14/2022 6:00:40 PM, 7/14/2022 5:45:39 PM, 7/14/2022 5:30:39 PM, 7/14/2022 5:15:38 PM, 7/14/2022 5:00:37 PM, 7/14/2022 4:45:36 PM",No
USBINST.EXE-4733314B.pf,6/23/2022 7:33:13 AM,7/13/2022 5:04:09 PM,"8,634",USBINST.EXE,C:\PROGRAM FILES (X86)\Citrix\ICA CLIENT\DRIVERS64\usbinst.exe,14,"7/13/2022 5:04:08 PM, 6/29/2022 4:55:00 PM, 6/27/2022 3:21:53 PM, 6/27/2022 3:19:04 PM, 6/23/2022 4:01:38 PM, 6/23/2022 4:01:36 PM, 6/23/2022 4:01:33 PM, 6/23/2022 7:35:42 AM",No
VBCSCOMPILER.EXE-E155503D.pf,7/14/2022 4:47:59 PM,7/14/2022 6:30:01 PM,"41,332",VBCSCOMPILER.EXE,C:\PROGRAM FILES\MICROSOFT VISUAL STUDIO\2022\COMMUNITY\Msbuild\Current\Bin\Roslyn\VBCSCOMPILER.EXE,4,"7/14/2022 6:29:51 PM, 7/14/2022 5:41:29 PM, 7/14/2022 5:17:31 PM, 7/14/2022 4:47:48 PM",No
VC_REDIST.X64.EXE-3410C874.pf,6/14/2022 4:57:25 PM,6/14/2022 4:57:25 PM,"11,569",VC_REDIST.X64.EXE,C:\WINDOWS\TEMP\{56906F9B-72D1-454C-BF6E-DA4D34603D2E}\.CR\VC_REDIST.X64.EXE,1,6/14/2022 4:57:24 PM,Yes
VCCTLPAN.EXE-49254E9F.pf,6/28/2022 3:18:20 PM,7/8/2022 8:47:59 AM,"9,855",VCCTLPAN.EXE,C:\PROGRAM FILES\VIRTUAL AUDIO CABLE\vcctlpan.exe,3,"7/8/2022 8:47:49 AM, 7/8/2022 8:46:57 AM, 6/28/2022 3:18:10 PM",No
VCREDIST_X86.EXE-4E252685.pf,6/15/2022 8:49:21 AM,6/15/2022 8:49:21 AM,"22,915",VCREDIST_X86.EXE,C:\PROGRAMDATA\PACKAGE CACHE\9689DEA254E6D1EAE45BD3C96582DA1A00FED1ED\2013\VCREDIST_X86.EXE,2,"6/15/2022 8:49:16 AM, 6/15/2022 8:49:15 AM",No
VENTOY2DISK.EXE-E5E73DA7.pf,7/7/2022 10:36:10 AM,7/7/2022 10:36:10 AM,"7,489",VENTOY2DISK.EXE,C:\Temp\VENTOY-1.0.70\VENTOY2DISK.EXE,1,7/7/2022 10:36:00 AM,No
VENTOYVLNK.EXE-0C1AE3B5.pf,7/7/2022 10:35:52 AM,7/7/2022 10:35:52 AM,"7,280",VENTOYVLNK.EXE,C:\Temp\VENTOY-1.0.70\VENTOYVLNK.EXE,1,7/7/2022 10:35:49 AM,No
VIEWER.EXE-99DDD6AA.pf,6/16/2022 10:42:07 AM,6/17/2022 10:36:31 AM,"20,895",VIEWER.EXE,C:\PROGRAM FILES (X86)\CANON REMOTE OPERATION VIEWER 2.3\viewer.exe,4,"6/17/2022 10:36:20 AM, 6/17/2022 10:34:39 AM, 6/16/2022 10:44:17 AM, 6/16/2022 10:41:57 AM",No
VISUALSTUDIOSETUP.EXE-0A5AE2A9.pf,6/15/2022 8:47:56 AM,6/15/2022 8:47:56 AM,"16,002",VISUALSTUDIOSETUP.EXE,C:\Users\npmoyer\DOWNLOADS\VISUALSTUDIOSETUP.EXE,1,6/15/2022 8:47:46 AM,No
VLC.EXE-46412408.pf,6/17/2022 10:37:16 AM,6/27/2022 1:15:18 PM,"28,801",VLC.EXE,C:\PROGRAM FILES\VideoLAN\VLC\vlc.exe,3,"6/27/2022 1:15:18 PM, 6/27/2022 10:48:05 AM, 6/17/2022 10:37:06 AM",No
VS_SETUP_BOOTSTRAPPER.EXE-E3EAE358.pf,6/15/2022 8:48:08 AM,6/15/2022 8:48:08 AM,"36,013",VS_SETUP_BOOTSTRAPPER.EXE,C:\USERS\NPMOYER\APPDATA\LOCAL\TEMP\24FDC51BCC0EDBF04B96D58327\VS_BOOTSTRAPPER_D15\VS_SETUP_BOOTSTRAPPER.EXE,1,6/15/2022 8:47:58 AM,Yes
VSCODEUSERSETUP-X64-1.68.0.TM-3762C37D.pf,6/15/2022 8:48:03 AM,6/15/2022 8:48:03 AM,"12,006",VSCODEUSERSETUP-X64-1.68.0.TMP,C:\USERS\NPMOYER\APPDATA\LOCAL\TEMP\IS-QGEON.TMP\VSCODEUSERSETUP-X64-1.68.0.TMP,1,6/15/2022 8:47:53 AM,Yes
WEBVIEWHOST.EXE-B32296A5.pf,7/14/2022 4:48:56 PM,7/14/2022 4:48:56 PM,"34,262",WEBVIEWHOST.EXE,C:\PROGRAM FILES\MICROSOFT VISUAL STUDIO\2022\COMMUNITY\Common7\IDE\WEBVIEWHOST\WEBVIEWHOST.EXE,1,7/14/2022 4:48:46 PM,No
WERFAULT.EXE-44194444.pf,7/4/2022 8:53:32 PM,7/14/2022 4:29:36 PM,"30,941",WERFAULT.EXE,C:\Windows\System32\WerFault.exe,12,"7/14/2022 4:29:26 PM, 7/13/2022 6:02:00 PM, 7/11/2022 6:45:35 PM, 7/11/2022 6:45:34 PM, 7/10/2022 6:20:31 PM, 7/10/2022 6:20:30 PM, 7/7/2022 1:17:41 PM, 7/7/2022 1:17:40 PM",No
WFICA32.EXE-C5E17BB2.pf,7/14/2022 8:08:58 AM,7/14/2022 4:23:50 PM,"27,306",WFICA32.EXE,C:\PROGRAM FILES (X86)\Citrix\ICA CLIENT\wfica32.exe,2,"7/14/2022 4:23:39 PM, 7/14/2022 8:08:48 AM",No
WIN-G7000-1_1-N_MCD.EXE-62377569.pf,6/27/2022 1:31:56 PM,6/27/2022 1:31:56 PM,"10,384",WIN-G7000-1_1-N_MCD.EXE,C:\Users\npmoyer\DOWNLOADS\WIN-G7000-1_1-N_MCD.EXE,1,6/27/2022 1:31:46 PM,No
WINDOWSCAMERA.EXE-292AA6F8.pf,6/15/2022 8:35:05 AM,6/28/2022 10:38:56 AM,"70,275",WINDOWSCAMERA.EXE,C:\PROGRAM FILES\WINDOWSAPPS\MICROSOFT.WINDOWSCAMERA_2021.105.10.0_X64__8WEKYB3D8BBWE\WINDOWSCAMERA.EXE,2,"6/28/2022 10:38:45 AM, 6/15/2022 8:34:55 AM",No
WINPREFETCHVIEW.EXE-CA187492.pf,7/11/2022 5:24:56 PM,7/14/2022 6:34:52 PM,"19,504",WINPREFETCHVIEW.EXE,C:\Users\npmoyer\ONEDRIVE - CITY OF ANN ARBOR\DOCUMENTS\GitHub\RECENT-APP-SEARCH\FINDMOSTRECENTLYUSED APPS\FINDMOSTRECENTLYUSED APPS\bin\Debug\WINPREFETCHVIEW.EXE,19,"7/14/2022 6:34:50 PM, 7/14/2022 6:31:29 PM, 7/14/2022 6:15:25 PM, 7/14/2022 6:05:26 PM, 7/14/2022 5:55:18 PM, 7/14/2022 5:50:56 PM, 7/14/2022 5:47:28 PM, 7/14/2022 5:43:24 PM",No
WINPREFETCHVIEW.EXE-E980E943.pf,7/11/2022 2:20:50 PM,7/11/2022 2:20:50 PM,"34,383",WINPREFETCHVIEW.EXE,C:\Users\npmoyer\DOWNLOADS\WINPREFETCHVIEW-X64\WINPREFETCHVIEW.EXE,1,7/11/2022 2:20:40 PM,No
WINWORD.EXE-251EE417.pf,6/30/2022 1:45:48 PM,7/12/2022 5:17:46 PM,"93,922",WINWORD.EXE,C:\PROGRAM FILES\MICROSOFT OFFICE\root\Office16\WINWORD.EXE,6,"7/12/2022 5:17:44 PM, 7/8/2022 3:07:06 PM, 7/8/2022 3:01:48 PM, 7/8/2022 11:27:09 AM, 7/8/2022 8:54:36 AM, 6/30/2022 1:45:42 PM",No
WLRMDR.EXE-8CD26CA2.pf,7/1/2022 2:00:07 AM,7/14/2022 8:00:54 AM,"5,008",WLRMDR.EXE,C:\Windows\System32\wlrmdr.exe,12,"7/14/2022 8:00:53 AM, 7/13/2022 3:13:02 PM, 7/12/2022 5:09:30 PM, 7/11/2022 8:00:02 AM, 7/7/2022 1:19:13 PM, 7/7/2022 12:17:29 PM, 7/7/2022 7:53:32 AM, 7/6/2022 10:33:35 AM",No
WMIADAP.EXE-7D63BB4C.pf,7/14/2022 4:30:27 PM,7/14/2022 4:30:27 PM,"6,019",WMIADAP.EXE,C:\Windows\System32\wbem\WMIADAP.exe,1,7/14/2022 4:30:17 PM,No
WMIPRVSE.EXE-0C8A533A.pf,7/14/2022 8:29:13 AM,7/14/2022 3:58:47 PM,"6,522",WMIPRVSE.EXE,C:\Windows\SysWOW64\wbem\WmiPrvSE.exe,3,"7/14/2022 3:58:37 PM, 7/14/2022 12:29:04 PM, 7/14/2022 8:29:02 AM",No
WMIPRVSE.EXE-BB49B536.pf,7/14/2022 8:27:45 AM,7/14/2022 6:30:12 PM,"10,020",WMIPRVSE.EXE,C:\Windows\System32\wbem\WmiPrvSE.exe,66,"7/14/2022 6:30:02 PM, 7/14/2022 6:27:33 PM, 7/14/2022 6:15:02 PM, 7/14/2022 6:07:02 PM, 7/14/2022 6:00:02 PM, 7/14/2022 6:00:02 PM, 7/14/2022 5:47:06 PM, 7/14/2022 5:45:02 PM",No
WOW.EXE-D2498F44.pf,6/16/2022 10:53:39 AM,7/8/2022 9:21:42 AM,"49,532",WOW.EXE,C:\Temp\wow.exe,11,"7/8/2022 9:21:32 AM, 7/6/2022 11:17:39 AM, 7/6/2022 8:16:14 AM, 7/5/2022 8:35:22 AM, 7/1/2022 8:05:35 AM, 6/29/2022 10:07:59 AM, 6/27/2022 9:02:37 AM, 6/24/2022 7:32:56 AM",No
WSL.EXE-DC780B58.pf,7/14/2022 4:31:38 PM,7/14/2022 5:51:45 PM,"5,519",WSL.EXE,C:\Windows\System32\wsl.exe,4,"7/14/2022 5:51:45 PM, 7/14/2022 4:31:39 PM, 7/14/2022 4:31:38 PM, 7/14/2022 4:31:38 PM",No
WUDFHOST.EXE-0D78D366.pf,7/14/2022 4:29:24 PM,7/14/2022 4:29:24 PM,"22,101",WUDFHOST.EXE,C:\Windows\System32\WUDFHost.exe,1,7/14/2022 4:29:13 PM,No
ZOOM.EXE-561ABD73.pf,6/21/2022 6:11:39 PM,7/5/2022 10:47:38 AM,"77,416",ZOOM.EXE,C:\PROGRAM FILES\Zoom\bin\Zoom.exe,6,"7/5/2022 10:47:38 AM, 7/5/2022 10:46:21 AM, 7/5/2022 10:46:15 AM, 6/21/2022 7:13:00 PM, 6/21/2022 6:11:40 PM, 6/21/2022 6:11:38 PM",No
